"common_id","country_code","country_name","app_version","firmware_version","last_standtogether_date"
20654,TH,Thailand,"6.2.33","3.5.0.3",2036-02-07
25946,TH,Thailand,"6.2.32","3.5.0.3",2036-02-07
27607,DE,Germany,"6.2.27","3.5.0.3",2026-01-08
20931,TH,Thailand,"6.2.33","2.5.0.3",2026-01-08
18909,DE,Germany,"6.2.32","3.5.0.3",2026-01-08
32342,US,United States,"6.3.0","3.5.0.3",2026-01-08
31601,TH,Thailand,"6.2.33","2.5.0.3",2026-01-08
33703,DE,Germany,"6.3.3","3.0.0.0",2026-01-08
32498,TH,Thailand,"6.2.33","2.5.0.3",2026-01-08
6340,DE,Germany,"6.3.0","2.5.0.3",2026-01-08
33137,DE,Germany,"6.3.3","3.3.0.4",2026-01-08
6159,DE,Germany,"6.2.24","2.5.0.3",2026-01-07
29157,US,United States,"6.2.32","3.5.0.3",2026-01-07
28425,US,United States,"6.3.1","3.5.0.3",2026-01-07
32975,TH,Thailand,"6.2.33","3.5.0.3",2026-01-07
3609,TH,Thailand,"6.2.26","2.5.0.3",2026-01-07
27071,DE,Germany,"5.4.1","3.5.0.3",2026-01-07
4557,TH,Thailand,"6.2.12","2.5.0.3",2026-01-07
28916,US,United States,"6.2.32","3.5.0.3",2026-01-06
27144,DE,Germany,"6.3.3","3.0.0.0",2026-01-06
33000,DE,Germany,"6.2.29","3.5.0.3",2026-01-06
28542,US,United States,"6.2.27","3.5.0.3",2026-01-06
33889,DE,Germany,"6.3.3","3.3.0.4",2026-01-06
28399,US,United States,"6.2.33","3.5.0.3",2026-01-06
28821,US,United States,"6.2.16","3.5.0.3",2026-01-06
3567,TH,Thailand,"6.2.27","3.5.0.3",2026-01-05
33219,US,United States,"6.3.1","3.5.0.3",2026-01-05
24473,TH,Thailand,"6.2.33","3.5.0.3",2026-01-05
33634,US,United States,"6.3.1","3.5.0.3",2026-01-04
31786,TH,Thailand,"6.2.20","2.5.0.3",2026-01-04
29936,TH,Thailand,"6.3.2","2.3.0.4",2026-01-02
33049,TH,Thailand,"6.2.33","2.5.0.3",2026-01-02
25862,TH,Thailand,"6.2.33","3.5.0.3",2026-01-02
1199,DE,Germany,"6.2.8","3.5.0.3",2026-01-01
30102,TH,Thailand,"6.2.33","2.5.0.3",2025-12-30
33905,DE,Germany,"6.2.33","3.3.0.4",2025-12-26
33731,DE,Germany,"6.3.3","3.3.0.4",2025-12-25
3579,TH,Thailand,"6.3.0","2.5.0.3",2025-12-23
27175,DE,Germany,"6.2.33","3.5.0.3",2025-12-22
20749,TH,Thailand,"6.2.33","3.5.0.3",2025-12-22
25413,TH,Thailand,"6.2.8","3.5.0.3",2025-12-22
33888,DE,Germany,"6.3.3","3.3.0.4",2025-12-22
21812,DE,Germany,"6.2.33","3.5.0.3",2025-12-21
33392,US,United States,"6.3.3","3.3.0.4",2025-12-21
23289,TH,Thailand,"6.2.33","2.5.0.3",2025-12-18
33501,US,United States,"6.2.32","3.5.0.3",2025-12-18
32635,DE,Germany,"6.3.0","3.5.0.3",2025-12-17
11166,DE,Germany,"6.2.32","2.5.0.3",2025-12-15
33616,US,United States,"6.2.33","3.5.0.3",2025-12-15
33878,DE,Germany,"6.2.33","3.5.0.3",2025-12-15
18137,DE,Germany,"6.2.33","3.5.0.3",2025-12-13
18753,DE,Germany,"6.2.33","3.5.0.3",2025-12-13
33770,DE,Germany,"6.2.33","2.5.0.3",2025-12-11
33570,DE,Germany,"6.2.33","3.5.0.3",2025-12-07
29709,DE,Germany,"6.2.22","3.5.0.3",2025-12-06
33928,DE,Germany,"6.3.2","3.3.0.4",2025-12-05
2626,DE,Germany,"6.3.0","3.5.0.3",2025-12-04
32903,DE,Germany,"6.2.33","3.5.0.3",2025-12-03
33350,US,United States,"6.3.2","3.3.0.4",2025-12-03
8378,DE,Germany,"6.2.29","2.5.0.3",2025-12-02
33055,TH,Thailand,"6.3.2","2.3.0.4",2025-11-30
33303,US,United States,"6.3.2","3.3.0.4",2025-11-30
33819,DE,Germany,"6.2.33","3.5.0.3",2025-11-30
27776,DE,Germany,"6.3.2","3.3.0.4",2025-11-29
33862,DE,Germany,"6.3.2","3.3.0.4",2025-11-29
32725,DE,Germany,"6.3.2","3.3.0.4",2025-11-28
33801,DE,Germany,"6.3.2","3.3.0.4",2025-11-27
21436,DE,Germany,"6.3.2","3.3.0.4",2025-11-26
27149,DE,Germany,"6.3.1","3.5.0.3",2025-11-26
33032,TH,Thailand,"6.3.1","3.5.0.3",2025-11-26
4291,TH,Thailand,"6.3.1","2.5.0.3",2025-11-26
26728,DE,Germany,"6.2.32","3.5.0.3",2025-11-25
15828,TH,Thailand,"6.3.1","2.5.0.3",2025-11-24
33915,DE,Germany,"6.3.1","3.5.0.3",2025-11-24
32647,DE,Germany,"6.3.1","3.5.0.3",2025-11-23
32062,US,United States,"6.3.1","3.5.0.3",2025-11-23
33934,DE,Germany,"6.2.33","3.5.0.3",2025-11-23
33393,US,United States,"6.3.1","3.5.0.3",2025-11-23
32218,DE,Germany,"6.2.32","3.5.0.3",2025-11-23
32663,DE,Germany,"6.3.0","3.5.0.3",2025-11-23
25366,TH,Thailand,"6.3.1","3.5.0.3",2025-11-22
32344,DE,Germany,"6.3.1","3.5.0.3",2025-11-22
34002,TH,Thailand,"6.2.33","2.5.0.3",2025-11-21
33509,US,United States,"6.3.1","3.5.0.3",2025-11-21
33581,US,United States,"6.3.3","3.3.0.4",2025-11-21
33490,US,United States,"6.2.33","3.5.0.3",2025-11-21
33818,DE,Germany,"6.3.0","3.3.0.4",2025-11-21
21306,DE,Germany,"6.2.18","3.5.0.3",2025-11-20
32225,DE,Germany,"6.3.0","3.5.0.3",2025-11-20
33739,DE,Germany,"6.2.33","2.5.0.3",2025-11-20
32325,DE,Germany,"6.3.3","3.3.0.4",2025-11-20
33314,US,United States,"6.3.0","3.5.0.3",2025-11-20
29969,TH,Thailand,"6.3.0","3.5.0.3",2025-11-19
33549,US,United States,"6.3.0","3.5.0.3",2025-11-18
33435,US,United States,"6.2.33","3.5.0.3",2025-11-18
32652,DE,Germany,"6.2.26","3.5.0.3",2025-11-18
32581,DE,Germany,"6.2.33","3.5.0.3",2025-11-18
32600,DE,Germany,"6.2.33","3.5.0.3",2025-11-17
32554,DE,Germany,"6.2.33","3.5.0.3",2025-11-17
33660,TH,Thailand,"6.2.33","3.5.0.3",2025-11-17
33158,TH,Thailand,"6.2.33","3.5.0.3",2025-11-17
33011,TH,Thailand,"6.2.33","2.5.0.3",2025-11-17
32706,DE,Germany,"6.2.33","3.5.0.3",2025-11-17
29620,DE,Germany,"6.2.18","3.5.0.3",2025-11-17
32818,TH,Thailand,"6.2.33","3.5.0.3",2025-11-17
6532,DE,Germany,"6.3.2","3.3.0.4",2025-11-16
33385,US,United States,"6.2.33","3.5.0.3",2025-11-16
33228,US,United States,"6.3.2","3.3.0.4",2025-11-16
34014,TH,Thailand,"6.2.33","3.5.0.3",2025-11-15
33657,TH,Thailand,"6.2.33","2.5.0.3",2025-11-15
33437,US,United States,"6.2.33","3.5.0.3",2025-11-15
33465,US,United States,"6.2.33","3.5.0.3",2025-11-15
32149,US,United States,"6.2.33","3.5.0.3",2025-11-15
34015,TH,Thailand,"6.2.33","2.5.0.3",2025-11-15
34007,DE,Germany,"6.2.33","3.5.0.3",2025-11-14
32953,DE,Germany,"6.2.33","3.5.0.3",2025-11-14
34008,US,United States,"6.2.33","3.5.0.3",2025-11-14
33377,US,United States,"6.2.33","3.5.0.3",2025-11-13
33269,US,United States,"6.2.33","3.5.0.3",2025-11-13
33274,US,United States,"6.2.33","3.5.0.3",2025-11-12
32288,DE,Germany,"6.2.33","3.5.0.3",2025-11-12
33339,US,United States,"6.2.33","3.5.0.3",2025-11-12
33508,US,United States,"6.2.33","3.3.0.4",2025-11-12
33546,US,United States,"6.2.33","3.5.0.3",2025-11-12
33827,DE,Germany,"6.2.33","3.5.0.3",2025-11-11
33066,TH,Thailand,"6.2.33","3.5.0.3",2025-11-11
31954,US,United States,"6.2.33","3.5.0.3",2025-11-11
24181,TH,Thailand,"6.2.8","2.5.0.3",2025-11-10
33257,US,United States,"6.2.32","3.5.0.3",2025-11-10
33275,US,United States,"6.2.33","3.5.0.3",2025-11-10
32403,TH,Thailand,"6.2.33","3.5.0.3",2025-11-10
33588,US,United States,"6.2.33","3.5.0.3",2025-11-10
29431,DE,Germany,"6.3.1","3.5.0.3",2025-11-10
28277,DE,Germany,"6.2.33","3.5.0.3",2025-11-09
33456,US,United States,"6.3.1","3.5.0.3",2025-11-09
33625,US,United States,"6.3.1","3.5.0.3",2025-11-09
19020,TH,Thailand,"6.3.1","2.5.0.3",2025-11-09
29625,TH,Thailand,"6.2.33","2.5.0.3",2025-11-08
33611,US,United States,"6.2.33","3.5.0.3",2025-11-08
33305,US,United States,"6.2.33","3.3.0.4",2025-11-08
29507,DE,Germany,"6.2.32","3.5.0.3",2025-11-07
30006,DE,Germany,"6.2.33","3.5.0.3",2025-11-07
33532,US,United States,"6.3.1","3.5.0.3",2025-11-07
33487,US,United States,"6.3.2","3.3.0.4",2025-11-07
33131,US,United States,"6.2.33","3.5.0.3",2025-11-07
33397,US,United States,"6.2.33","3.5.0.3",2025-11-07
29432,DE,Germany,"6.2.32","3.5.0.3",2025-11-07
33372,US,United States,"6.3.0","3.3.0.4",2025-11-06
33286,US,United States,"6.3.2","3.3.0.4",2025-11-05
33316,US,United States,"6.2.33","3.3.0.4",2025-11-05
33484,US,United States,"6.2.33","3.5.0.3",2025-11-05
33072,TH,Thailand,"6.2.33","3.5.0.3",2025-11-05
33434,US,United States,"6.3.1","3.5.0.3",2025-11-04
24502,TH,Thailand,"6.2.33","3.5.0.3",2025-11-04
33209,US,United States,"6.2.33","3.5.0.3",2025-11-04
33217,US,United States,"6.2.33","3.5.0.3",2025-11-04
33282,US,United States,"6.3.1","3.5.0.3",2025-11-04
33349,US,United States,"6.2.33","3.3.0.4",2025-11-04
33586,US,United States,"6.2.33","3.5.0.3",2025-11-04
33308,US,United States,"6.2.33","3.3.0.4",2025-11-03
25824,DE,Germany,"6.2.33","3.5.0.3",2025-11-03
32007,TH,Thailand,"6.2.20","3.5.0.3",2025-11-03
18024,DE,Germany,"6.2.26","3.5.0.3",2025-11-03
24131,DE,Germany,"6.2.33","3.5.0.3",2025-11-02
30090,DE,Germany,"6.2.33","3.5.0.3",2025-11-02
32982,DE,Germany,"6.2.33","3.5.0.3",2025-11-01
31826,DE,Germany,"6.2.33","3.5.0.3",2025-11-01
33254,US,United States,"6.2.33","3.5.0.3",2025-11-01
33792,TH,Thailand,"6.2.33","3.5.0.3",2025-10-31
31833,DE,Germany,"6.2.19","2.5.0.3",2025-10-29
4061,TH,Thailand,"6.2.33","3.5.0.3",2025-10-28
31911,US,United States,"6.2.33","3.3.0.4",2025-10-28
29447,DE,Germany,"6.2.33","3.5.0.3",2025-10-26
26422,DE,Germany,"6.2.33","3.5.0.3",2025-10-26
21899,DE,Germany,"6.3.0","3.5.0.3",2025-10-26
29076,TH,Thailand,"6.2.33","3.5.0.3",2025-10-25
32885,US,United States,"6.2.33","3.5.0.3",2025-10-25
33231,TH,Thailand,"6.2.33","3.5.0.3",2025-10-25
27082,DE,Germany,"6.2.33","3.5.0.3",2025-10-24
17599,DE,Germany,"6.2.33","3.5.0.3",2025-10-24
27013,DE,Germany,"6.2.33","3.5.0.3",2025-10-24
28616,US,United States,"6.2.24","3.5.0.3",2025-10-23
7503,DE,Germany,"6.3.1","2.5.0.3",2025-10-23
22719,DE,Germany,"6.2.23","3.5.0.3",2025-10-22
31965,US,United States,"6.3.0","3.5.0.3",2025-10-22
31681,TH,Thailand,"6.3.2","3.3.0.4",2025-10-21
33653,TH,Thailand,"6.2.33","3.5.0.3",2025-10-21
28623,US,United States,"6.2.33","3.5.0.3",2025-10-21
28210,DE,Germany,"6.2.33","3.5.0.3",2025-10-21
28259,DE,Germany,"6.2.33","3.5.0.3",2025-10-21
23734,DE,Germany,"6.2.33","3.5.0.3",2025-10-21
32644,DE,Germany,"6.2.33","3.5.0.3",2025-10-20
29032,US,United States,"6.2.33","3.5.0.3",2025-10-20
26319,DE,Germany,"6.2.33","3.5.0.3",2025-10-19
33659,TH,Thailand,"6.2.32","3.5.0.3",2025-10-19
33655,DE,Germany,"6.2.33","3.5.0.3",2025-10-19
15761,TH,Thailand,"6.2.33","2.5.0.3",2025-10-19
28213,DE,Germany,"6.2.33","3.5.0.3",2025-10-18
32295,DE,Germany,"6.3.0","3.5.0.3",2025-10-18
17659,DE,Germany,"6.2.33","3.5.0.3",2025-10-17
33159,TH,Thailand,"6.2.33","3.5.0.3",2025-10-17
29081,US,United States,"6.2.33","3.5.0.3",2025-10-16
31937,US,United States,"6.3.1","3.5.0.3",2025-10-16
15963,TH,Thailand,"6.2.33","2.5.0.3",2025-10-16
29954,US,United States,"6.3.0","3.5.0.3",2025-10-15
27924,DE,Germany,"6.2.27","3.5.0.3",2025-10-15
32835,US,United States,"6.2.19","3.5.0.3",2025-10-15
32150,DE,Germany,"6.2.33","3.5.0.3",2025-10-14
28224,DE,Germany,"6.2.32","3.5.0.3",2025-10-14
28221,DE,Germany,"6.2.33","3.5.0.3",2025-10-14
33528,DE,Germany,"6.2.33","2.5.0.3",2025-10-13
33029,TH,Thailand,"6.2.27","3.5.0.3",2025-10-12
22857,DE,Germany,"6.2.33","3.5.0.3",2025-10-12
27161,DE,Germany,"6.2.32","3.5.0.3",2025-10-12
29857,US,United States,"6.2.33","3.5.0.3",2025-10-11
26713,DE,Germany,"6.2.33","3.5.0.3",2025-10-11
32840,DE,Germany,"6.2.30","3.5.0.3",2025-10-11
22252,TH,Thailand,"6.3.1","2.5.0.3",2025-10-11
29660,DE,Germany,"6.2.8","3.5.0.3",2025-10-10
32844,DE,Germany,"6.2.32","3.5.0.3",2025-10-10
32553,DE,Germany,"6.2.32","3.5.0.3",2025-10-10
32395,US,United States,"6.2.32","3.5.0.3",2025-10-10
33559,DE,Germany,"6.2.32","3.5.0.3",2025-10-10
31682,TH,Thailand,"6.2.33","3.5.0.3",2025-10-10
33560,DE,Germany,"6.2.33","3.5.0.3",2025-10-09
23567,TH,Thailand,"6.3.0","3.5.0.3",2025-10-09
28636,US,United States,"6.2.33","3.5.0.3",2025-10-09
27634,DE,Germany,"6.2.33","3.5.0.3",2025-10-09
25543,DE,Germany,"6.2.33","3.5.0.3",2025-10-09
29906,DE,Germany,"6.2.33","3.5.0.3",2025-10-09
33133,DE,Germany,"6.2.32","3.5.0.3",2025-10-08
24986,DE,Germany,"6.2.33","3.5.0.3",2025-10-08
20820,TH,Thailand,"6.2.32","3.5.0.3",2025-10-08
33240,DE,Germany,"6.2.33","3.5.0.3",2025-10-08
8039,DE,Germany,"6.2.33","2.5.0.3",2025-10-08
31908,US,United States,"6.2.33","3.5.0.3",2025-10-06
27647,DE,Germany,"6.2.32","2.5.0.3",2025-10-06
32675,DE,Germany,"6.2.33","3.5.0.3",2025-10-05
29728,DE,Germany,"6.2.33","3.5.0.3",2025-10-05
32393,DE,Germany,"6.2.33","3.5.0.3",2025-10-05
22335,DE,Germany,"6.2.32","3.5.0.3",2025-10-04
33110,DE,Germany,"6.2.32","3.5.0.3",2025-10-04
33108,DE,Germany,"6.2.27","3.5.0.3",2025-10-03
33071,DE,Germany,"6.2.33","3.5.0.3",2025-10-03
33073,DE,Germany,"6.2.33","3.5.0.3",2025-10-03
33153,DE,Germany,"6.2.32","3.5.0.3",2025-10-03
33075,DE,Germany,"6.2.32","3.5.0.3",2025-10-03
33077,DE,Germany,"6.2.33","3.5.0.3",2025-10-03
26262,DE,Germany,"6.2.32","3.5.0.3",2025-10-03
26234,DE,Germany,"6.2.32","3.5.0.3",2025-10-03
33081,DE,Germany,"6.2.32","3.5.0.3",2025-10-03
26213,DE,Germany,"6.2.32","3.5.0.3",2025-10-03
33084,DE,Germany,"6.2.32","3.5.0.3",2025-10-03
26200,DE,Germany,"6.2.32","3.5.0.3",2025-10-03
33089,DE,Germany,"6.2.31","3.5.0.3",2025-10-03
26175,DE,Germany,"6.2.32","3.5.0.3",2025-10-03
33093,DE,Germany,"6.2.32","3.5.0.3",2025-10-03
33147,DE,Germany,"6.2.27","3.5.0.3",2025-10-03
33095,DE,Germany,"6.2.32","3.5.0.3",2025-10-03
33142,DE,Germany,"6.2.30","3.5.0.3",2025-10-03
33097,DE,Germany,"6.2.32","3.5.0.3",2025-10-03
33100,DE,Germany,"6.2.31","3.5.0.3",2025-10-03
33130,DE,Germany,"6.2.30","3.5.0.3",2025-10-03
33103,DE,Germany,"6.2.32","3.5.0.3",2025-10-03
33129,DE,Germany,"6.2.32","3.5.0.3",2025-10-03
33122,DE,Germany,"6.2.30","3.5.0.3",2025-10-03
33121,DE,Germany,"6.2.32","3.5.0.3",2025-10-03
33120,DE,Germany,"6.2.31","3.5.0.3",2025-10-03
29747,DE,Germany,"6.2.31","3.5.0.3",2025-10-03
33116,DE,Germany,"6.2.33","3.5.0.3",2025-10-03
33113,DE,Germany,"6.2.33","3.5.0.3",2025-10-03
21588,DE,Germany,"6.3.1","3.5.0.3",2025-10-02
33092,DE,Germany,"6.2.31","3.5.0.3",2025-10-02
32349,US,United States,"6.2.27","3.5.0.3",2025-10-02
33119,DE,Germany,"6.2.32","3.5.0.3",2025-10-02
27107,DE,Germany,"6.2.33","3.5.0.3",2025-10-02
32967,DE,Germany,"6.2.33","3.5.0.3",2025-10-01
29161,US,United States,"6.2.33","3.5.0.3",2025-10-01
23376,DE,Germany,"6.2.32","3.5.0.3",2025-10-01
33117,DE,Germany,"6.3.1","3.5.0.3",2025-09-30
27084,DE,Germany,"6.2.33","3.5.0.3",2025-09-30
27173,DE,Germany,"6.2.27","3.5.0.3",2025-09-30
32546,DE,Germany,"6.3.1","3.5.0.3",2025-09-30
33090,DE,Germany,"6.2.33","3.5.0.3",2025-09-30
28053,DE,Germany,"6.2.33","3.5.0.3",2025-09-30
18510,DE,Germany,"6.2.33","3.5.0.3",2025-09-29
32015,US,United States,"6.2.33","3.5.0.3",2025-09-29
20622,TH,Thailand,"6.2.31","3.5.0.3",2025-09-28
32888,DE,Germany,"6.3.2","3.3.0.4",2025-09-28
32784,DE,Germany,"6.2.29","3.5.0.3",2025-09-28
27925,DE,Germany,"6.2.33","3.5.0.3",2025-09-28
31940,US,United States,"6.2.31","3.5.0.3",2025-09-26
32800,DE,Germany,"6.2.30","3.5.0.3",2025-09-26
23379,DE,Germany,"6.2.30","3.5.0.3",2025-09-26
32506,DE,Germany,"6.2.27","3.5.0.3",2025-09-25
16378,TH,Thailand,"6.2.31","3.5.0.3",2025-09-25
26216,DE,Germany,"6.2.31","3.5.0.3",2025-09-24
32820,DE,Germany,"6.2.33","3.5.0.3",2025-09-24
26210,DE,Germany,"6.2.29","3.5.0.3",2025-09-24
29009,US,United States,"6.2.33","3.5.0.3",2025-09-23
33139,DE,Germany,"6.2.29","3.5.0.3",2025-09-23
31797,DE,Germany,"6.2.29","3.5.0.3",2025-09-23
22000,DE,Germany,"6.2.32","3.5.0.3",2025-09-23
26274,DE,Germany,"6.2.29","3.5.0.3",2025-09-23
26862,DE,Germany,"6.2.32","3.5.0.3",2025-09-23
32047,US,United States,"6.2.33","3.5.0.3",2025-09-23
31660,TH,Thailand,"6.2.27","2.5.0.3",2025-09-22
33143,TH,Thailand,"6.2.33","2.5.0.3",2025-09-20
26167,DE,Germany,"6.2.29","3.5.0.3",2025-09-20
31870,TH,Thailand,"6.2.27","3.5.0.3",2025-09-19
23246,TH,Thailand,"6.2.29","2.5.0.3",2025-09-19
17905,DE,Germany,"6.2.33","3.5.0.3",2025-09-18
33157,DE,Germany,"6.2.32","3.5.0.3",2025-09-18
27997,DE,Germany,"6.2.32","3.5.0.3",2025-09-18
32178,DE,Germany,"6.2.27","3.5.0.3",2025-09-17
28075,DE,Germany,"6.2.29","3.5.0.3",2025-09-17
32802,DE,Germany,"6.2.32","3.5.0.3",2025-09-17
32702,DE,Germany,"6.2.27","3.5.0.3",2025-09-16
31914,US,United States,"6.2.29","3.5.0.3",2025-09-16
26183,DE,Germany,"6.2.27","3.5.0.3",2025-09-16
32345,TH,Thailand,"6.2.33","3.5.0.3",2025-09-16
32952,DE,Germany,"6.2.33","3.5.0.3",2025-09-16
32806,DE,Germany,"6.2.23","3.3.0.4",2025-09-16
32755,DE,Germany,"6.2.29","3.3.0.4",2025-09-16
32592,DE,Germany,"6.2.32","3.5.0.3",2025-09-16
32808,DE,Germany,"6.2.27","3.5.0.3",2025-09-15
28686,US,United States,"6.2.33","3.5.0.3",2025-09-15
26965,DE,Germany,"6.2.32","3.5.0.3",2025-09-15
26185,DE,Germany,"6.2.31","3.5.0.3",2025-09-15
33151,DE,Germany,"6.2.29","3.5.0.3",2025-09-15
32837,DE,Germany,"6.2.30","3.5.0.3",2025-09-15
32589,DE,Germany,"6.2.27","3.5.0.3",2025-09-14
33112,DE,Germany,"6.2.32","3.5.0.3",2025-09-14
17993,DE,Germany,"6.2.33","3.5.0.3",2025-09-13
32677,DE,Germany,"6.2.29","3.5.0.3",2025-09-13
25409,TH,Thailand,"6.2.27","3.5.0.3",2025-09-12
18229,DE,Germany,"6.2.17","3.5.0.3",2025-09-12
33014,TH,Thailand,"6.2.32","2.5.0.3",2025-09-12
32046,US,United States,"6.2.29","3.5.0.3",2025-09-11
32256,DE,Germany,"6.2.29","3.5.0.3",2025-09-11
29031,US,United States,"6.2.32","3.5.0.3",2025-09-11
32993,US,United States,"6.2.33","3.5.0.3",2025-09-10
33074,DE,Germany,"6.2.33","3.5.0.3",2025-09-10
32207,DE,Germany,"6.2.27","3.5.0.3",2025-09-09
32669,DE,Germany,"6.2.27","3.5.0.3",2025-09-09
32875,DE,Germany,"6.2.29","3.5.0.3",2025-09-09
29561,DE,Germany,"6.2.19","3.5.0.3",2025-09-06
28106,DE,Germany,"6.2.33","3.5.0.3",2025-09-06
21328,DE,Germany,"6.2.27","3.5.0.3",2025-09-06
29737,DE,Germany,"6.2.27","3.5.0.3",2025-09-06
32621,DE,Germany,"6.2.29","3.5.0.3",2025-09-05
32723,DE,Germany,"6.2.32","3.5.0.3",2025-09-05
32774,DE,Germany,"6.2.27","3.5.0.3",2025-09-04
32689,DE,Germany,"6.2.30","3.5.0.3",2025-09-04
33123,DE,Germany,"6.2.33","3.5.0.3",2025-09-04
29866,US,United States,"6.2.27","3.5.0.3",2025-09-04
32770,DE,Germany,"6.2.30","3.3.0.4",2025-09-04
26559,DE,Germany,"6.2.27","3.5.0.3",2025-09-04
31762,DE,Germany,"6.2.27","3.5.0.3",2025-09-03
27717,DE,Germany,"6.2.30","3.5.0.3",2025-09-02
8331,DE,Germany,"6.2.32","3.5.0.3",2025-09-02
3693,TH,Thailand,"6.2.27","3.5.0.3",2025-09-01
32771,DE,Germany,"6.3.0","3.5.0.3",2025-09-01
31763,DE,Germany,"6.2.27","3.5.0.3",2025-09-01
21975,DE,Germany,"6.2.32","3.5.0.3",2025-08-31
10115,DE,Germany,"6.2.32","2.5.0.3",2025-08-30
29721,DE,Germany,"6.3.1","3.5.0.3",2025-08-30
32978,DE,Germany,"6.2.30","3.3.0.4",2025-08-29
32200,DE,Germany,"6.2.32","3.5.0.3",2025-08-28
32630,DE,Germany,"6.2.33","3.5.0.3",2025-08-28
3343,DE,Germany,"6.2.27","3.5.0.3",2025-08-27
28774,US,United States,"6.2.8","3.5.0.3",2025-08-27
33154,DE,Germany,"6.2.27","3.5.0.3",2025-08-27
32547,DE,Germany,"6.2.33","3.5.0.3",2025-08-27
32865,DE,Germany,"6.2.24","3.5.0.3",2025-08-27
28804,US,United States,"6.2.27","3.5.0.3",2025-08-27
33156,US,United States,"6.2.29","3.5.0.3",2025-08-26
32798,DE,Germany,"6.2.27","3.5.0.3",2025-08-25
32759,DE,Germany,"6.2.32","3.5.0.3",2025-08-25
32636,DE,Germany,"6.2.27","3.5.0.3",2025-08-25
29144,US,United States,"6.2.27","3.5.0.3",2025-08-24
33101,DE,Germany,"6.2.27","3.5.0.3",2025-08-24
23306,TH,Thailand,"6.2.20","2.5.0.3",2025-08-24
29811,DE,Germany,"6.2.30","3.5.0.3",2025-08-24
31678,TH,Thailand,"6.2.27","3.5.0.3",2025-08-22
33069,DE,Germany,"6.2.30","3.5.0.3",2025-08-22
32524,DE,Germany,"6.2.27","3.5.0.3",2025-08-22
29584,US,United States,"6.2.27","3.5.0.3",2025-08-22
32420,TH,Thailand,"6.2.27","3.5.0.3",2025-08-22
32699,DE,Germany,"6.2.27","3.5.0.3",2025-08-21
32607,DE,Germany,"6.2.33","3.5.0.3",2025-08-21
29097,US,United States,"6.2.27","3.5.0.3",2025-08-21
29204,US,United States,"6.2.27","3.5.0.3",2025-08-21
29436,DE,Germany,"6.2.32","3.5.0.3",2025-08-21
27289,DE,Germany,"6.2.32","3.5.0.3",2025-08-20
32082,DE,Germany,"6.3.1","3.5.0.3",2025-08-20
31636,TH,Thailand,"6.3.0","3.5.0.3",2025-08-20
32619,DE,Germany,"6.2.27","3.5.0.3",2025-08-20
32851,DE,Germany,"6.2.27","3.5.0.3",2025-08-19
32198,US,United States,"6.3.1","3.5.0.3",2025-08-18
32642,DE,Germany,"6.2.26","3.5.0.3",2025-08-18
32028,US,United States,"6.2.27","3.5.0.3",2025-08-17
32646,DE,Germany,"6.2.27","3.5.0.3",2025-08-17
33001,TH,Thailand,"6.2.32","3.5.0.3",2025-08-16
32409,DE,Germany,"6.2.27","3.5.0.3",2025-08-15
32189,US,United States,"6.2.32","3.5.0.3",2025-08-15
32729,DE,Germany,"6.2.27","3.5.0.3",2025-08-14
32867,US,United States,"6.2.27","3.5.0.3",2025-08-14
32670,DE,Germany,"6.3.0","3.5.0.3",2025-08-14
32893,DE,Germany,"6.2.24","3.5.0.3",2025-08-14
33070,DE,Germany,"6.2.32","3.5.0.3",2025-08-12
32890,DE,Germany,"6.2.27","3.5.0.3",2025-08-12
28426,US,United States,"6.2.29","3.5.0.3",2025-08-12
32503,DE,Germany,"6.2.27","3.5.0.3",2025-08-11
33114,DE,Germany,"6.2.27","3.5.0.3",2025-08-11
16065,TH,Thailand,"6.2.27","2.5.0.3",2025-08-10
33005,DE,Germany,"6.2.33","3.5.0.3",2025-08-10
24096,DE,Germany,"6.2.33","3.5.0.3",2025-08-10
32997,TH,Thailand,"6.2.27","3.5.0.3",2025-08-10
32549,DE,Germany,"6.2.33","3.5.0.3",2025-08-09
29257,US,United States,"6.2.27","3.5.0.3",2025-08-08
32154,DE,Germany,"6.2.32","3.5.0.3",2025-08-08
32772,DE,Germany,"6.2.27","3.5.0.3",2025-08-07
32287,DE,Germany,"6.2.27","3.5.0.3",2025-08-07
9106,DE,Germany,"6.2.27","2.5.0.3",2025-08-07
32259,DE,Germany,"6.2.27","3.5.0.3",2025-08-06
31810,DE,Germany,"6.3.1","3.5.0.3",2025-08-05
28909,US,United States,"6.2.32","3.5.0.3",2025-08-05
27404,DE,Germany,"6.2.32","3.5.0.3",2025-08-05
31981,US,United States,"6.2.29","3.5.0.3",2025-08-05
32633,DE,Germany,"6.2.27","3.5.0.3",2025-08-04
27537,DE,Germany,"6.2.33","3.5.0.3",2025-08-04
32565,DE,Germany,"6.2.27","3.5.0.3",2025-08-04
31921,US,United States,"6.2.27","3.5.0.3",2025-08-04
22819,DE,Germany,"6.2.26","3.5.0.3",2025-08-04
32965,DE,Germany,"6.2.27","3.3.0.4",2025-08-04
27678,DE,Germany,"6.2.32","3.5.0.3",2025-08-03
32957,DE,Germany,"6.2.29","3.5.0.3",2025-08-03
33059,DE,Germany,"6.2.27","3.5.0.3",2025-08-03
32931,DE,Germany,"6.2.27","3.5.0.3",2025-08-03
32114,DE,Germany,"6.2.27","3.5.0.3",2025-08-03
33019,TH,Thailand,"6.2.27","2.5.0.3",2025-08-03
32654,DE,Germany,"6.2.33","3.5.0.3",2025-08-02
32945,DE,Germany,"6.2.27","3.3.0.4",2025-08-02
29425,DE,Germany,"6.2.33","3.5.0.3",2025-08-02
32797,DE,Germany,"6.2.27","3.3.0.4",2025-08-02
32412,DE,Germany,"6.2.27","3.5.0.3",2025-08-01
20526,TH,Thailand,"6.2.27","2.5.0.3",2025-08-01
27781,DE,Germany,"6.2.32","3.5.0.3",2025-07-31
25268,TH,Thailand,"6.2.27","3.5.0.3",2025-07-30
32887,DE,Germany,"6.2.32","3.5.0.3",2025-07-30
33047,TH,Thailand,"6.2.32","3.5.0.3",2025-07-29
29927,TH,Thailand,"6.2.27","3.5.0.3",2025-07-29
32680,DE,Germany,"6.2.29","3.5.0.3",2025-07-29
32779,DE,Germany,"6.2.27","3.5.0.3",2025-07-29
32955,DE,Germany,"6.2.27","3.5.0.3",2025-07-29
32951,DE,Germany,"6.2.27","3.5.0.3",2025-07-29
26536,DE,Germany,"6.2.27","3.5.0.3",2025-07-29
11563,TH,Thailand,"6.3.1","2.5.0.3",2025-07-29
33018,TH,Thailand,"6.2.27","3.5.0.3",2025-07-28
23970,DE,Germany,"6.2.33","3.5.0.3",2025-07-28
32100,DE,Germany,"6.2.27","3.5.0.3",2025-07-28
28282,TH,Thailand,"6.3.1","3.5.0.3",2025-07-27
31840,DE,Germany,"6.2.27","3.5.0.3",2025-07-27
32936,DE,Germany,"6.2.27","3.5.0.3",2025-07-26
32913,DE,Germany,"6.2.29","3.3.0.3",2025-07-26
32813,DE,Germany,"6.2.27","3.5.0.3",2025-07-26
28338,TH,Thailand,"6.2.27","2.5.0.3",2025-07-25
31814,DE,Germany,"6.2.27","2.5.0.3",2025-07-25
32525,DE,Germany,"6.2.32","3.5.0.3",2025-07-25
32497,TH,Thailand,"6.2.33","2.5.0.3",2025-07-25
32199,DE,Germany,"6.2.26","3.5.0.3",2025-07-25
23836,DE,Germany,"6.2.27","3.5.0.3",2025-07-25
32071,US,United States,"6.2.27","3.5.0.3",2025-07-25
32257,DE,Germany,"6.2.19","3.5.0.3",2025-07-24
32803,DE,Germany,"6.2.27","3.5.0.3",2025-07-24
32229,US,United States,"6.2.33","3.5.0.3",2025-07-24
32445,DE,Germany,"6.2.26","3.5.0.3",2025-07-23
29894,TH,Thailand,"6.2.27","2.5.0.3",2025-07-23
29139,US,United States,"6.2.8","3.5.0.3",2025-07-23
3886,TH,Thailand,"6.2.27","2.5.0.3",2025-07-22
24415,TH,Thailand,"6.2.27","3.5.0.3",2025-07-22
32672,DE,Germany,"6.2.33","3.5.0.3",2025-07-21
32158,DE,Germany,"6.2.27","3.5.0.3",2025-07-21
32119,DE,Germany,"6.2.26","3.5.0.3",2025-07-21
31819,DE,Germany,"6.2.27","2.5.0.3",2025-07-21
30058,TH,Thailand,"6.2.33","2.5.0.3",2025-07-21
30074,TH,Thailand,"6.2.26","3.5.0.3",2025-07-20
31799,DE,Germany,"6.2.26","2.5.0.3",2025-07-19
31888,US,United States,"6.2.27","3.5.0.3",2025-07-19
32532,DE,Germany,"6.2.29","3.5.0.3",2025-07-19
32123,DE,Germany,"6.2.27","3.5.0.3",2025-07-19
32508,DE,Germany,"6.2.27","3.5.0.3",2025-07-19
26013,TH,Thailand,"6.2.27","3.5.0.3",2025-07-19
32115,DE,Germany,"6.2.26","3.5.0.3",2025-07-18
32696,DE,Germany,"6.2.27","3.5.0.3",2025-07-18
32645,DE,Germany,"6.2.27","3.5.0.3",2025-07-18
32971,DE,Germany,"6.2.27","3.5.0.3",2025-07-18
31952,US,United States,"6.2.26","3.5.0.3",2025-07-17
32299,DE,Germany,"6.2.27","3.5.0.3",2025-07-16
31604,TH,Thailand,"6.2.27","3.5.0.3",2025-07-16
32839,DE,Germany,"6.2.27","3.5.0.3",2025-07-16
32989,DE,Germany,"6.2.27","3.5.0.3",2025-07-16
32984,DE,Germany,"6.2.27","3.3.0.4",2025-07-16
29006,US,United States,"6.2.27","3.5.0.3",2025-07-15
32227,US,United States,"6.2.19","3.5.0.3",2025-07-15
32782,DE,Germany,"6.2.27","3.5.0.3",2025-07-15
32925,DE,Germany,"6.2.32","3.5.0.3",2025-07-15
32599,DE,Germany,"6.2.26","3.5.0.3",2025-07-15
27050,DE,Germany,"6.2.26","3.5.0.3",2025-07-15
32817,DE,Germany,"6.2.24","3.3.0.4",2025-07-14
32331,US,United States,"6.2.26","3.5.0.3",2025-07-14
32550,DE,Germany,"6.2.27","3.5.0.3",2025-07-14
4095,TH,Thailand,"6.2.27","2.5.0.3",2025-07-14
32921,DE,Germany,"6.3.0","3.5.0.3",2025-07-13
28429,US,United States,"6.2.26","3.5.0.3",2025-07-13
32922,DE,Germany,"6.2.27","3.5.0.3",2025-07-12
28983,US,United States,"6.2.27","3.5.0.3",2025-07-12
29179,US,United States,"6.2.33","3.5.0.3",2025-07-12
26978,DE,Germany,"6.2.27","3.5.0.3",2025-07-11
28012,DE,Germany,"6.2.33","3.5.0.3",2025-07-11
32977,DE,Germany,"6.2.26","3.5.0.3",2025-07-11
27259,DE,Germany,"6.3.1","3.5.0.3",2025-07-10
27108,DE,Germany,"6.2.26","3.5.0.3",2025-07-10
32298,DE,Germany,"6.2.26","3.3.0.4",2025-07-09
23857,DE,Germany,"6.2.26","2.5.0.3",2025-07-09
32255,DE,Germany,"6.2.32","3.5.0.3",2025-07-09
31851,DE,Germany,"6.2.26","3.5.0.3",2025-07-09
32804,DE,Germany,"6.2.26","3.3.0.4",2025-07-09
25459,TH,Thailand,"6.2.32","3.5.0.3",2025-07-09
31801,DE,Germany,"6.2.27","3.5.0.3",2025-07-09
32660,DE,Germany,"6.2.27","3.5.0.3",2025-07-08
31686,TH,Thailand,"6.2.33","2.5.0.3",2025-07-07
32139,US,United States,"6.2.27","3.5.0.3",2025-07-07
32161,DE,Germany,"6.2.27","3.5.0.3",2025-07-07
27230,DE,Germany,"6.2.31","3.5.0.3",2025-07-07
32848,DE,Germany,"6.2.26","3.5.0.3",2025-07-06
32973,DE,Germany,"6.2.26","3.5.0.3",2025-07-06
32767,US,United States,"6.2.23","3.5.0.3",2025-07-05
32001,US,United States,"6.2.26","3.5.0.3",2025-07-05
25772,DE,Germany,"6.2.26","3.5.0.3",2025-07-04
31845,DE,Germany,"6.2.32","3.5.0.3",2025-07-04
28699,US,United States,"6.2.27","3.5.0.3",2025-07-03
32752,DE,Germany,"6.2.26","3.5.0.3",2025-07-03
32724,DE,Germany,"6.2.33","3.5.0.3",2025-07-03
31907,US,United States,"6.3.0","3.5.0.3",2025-07-03
24559,TH,Thailand,"6.2.26","3.5.0.3",2025-07-03
32350,US,United States,"6.2.27","3.5.0.3",2025-07-02
28483,US,United States,"6.2.32","3.5.0.3",2025-07-02
27602,DE,Germany,"6.2.26","3.5.0.3",2025-07-02
28235,DE,Germany,"6.2.26","3.5.0.3",2025-07-02
27661,DE,Germany,"6.2.27","3.5.0.3",2025-07-01
32816,DE,Germany,"6.2.26","3.3.0.3",2025-07-01
32302,US,United States,"6.2.26","3.5.0.3",2025-07-01
32277,DE,Germany,"6.2.24","3.5.0.3",2025-06-30
287,DE,Germany,"6.2.26","2.5.0.3",2025-06-30
31925,US,United States,"6.2.26","3.5.0.3",2025-06-30
32530,DE,Germany,"6.2.27","3.5.0.3",2025-06-30
32929,DE,Germany,"6.2.26","3.3.0.4",2025-06-30
17889,DE,Germany,"6.2.26","3.5.0.3",2025-06-30
32338,DE,Germany,"6.2.26","3.5.0.3",2025-06-30
32088,DE,Germany,"6.2.27","3.5.0.3",2025-06-30
32948,DE,Germany,"6.2.26","3.3.0.4",2025-06-29
32950,DE,Germany,"6.2.26","3.5.0.3",2025-06-28
32535,DE,Germany,"6.2.32","3.5.0.3",2025-06-28
32505,DE,Germany,"6.2.26","2.5.0.3",2025-06-28
32681,DE,Germany,"6.2.27","3.5.0.3",2025-06-28
32356,DE,Germany,"6.2.29","3.5.0.3",2025-06-28
32743,DE,Germany,"6.2.27","3.5.0.3",2025-06-28
32222,DE,Germany,"6.2.33","3.5.0.3",2025-06-27
32859,DE,Germany,"6.2.27","3.5.0.3",2025-06-27
32317,DE,Germany,"6.2.27","3.5.0.3",2025-06-27
32632,DE,Germany,"6.2.24","3.3.0.4",2025-06-27
28231,DE,Germany,"6.2.29","3.5.0.3",2025-06-27
32944,US,United States,"6.2.33","3.3.0.4",2025-06-26
32892,US,United States,"6.2.26","3.5.0.3",2025-06-26
24056,DE,Germany,"6.2.33","3.5.0.3",2025-06-26
23776,DE,Germany,"5.4.1","2.3.0.4",2025-06-26
28942,US,United States,"6.2.27","3.5.0.3",2025-06-26
32941,DE,Germany,"6.2.33","3.5.0.3",2025-06-26
29668,DE,Germany,"6.2.26","3.5.0.3",2025-06-25
32737,DE,Germany,"6.2.23","3.5.0.3",2025-06-25
32866,DE,Germany,"6.2.24","3.5.0.3",2025-06-25
29847,US,United States,"6.2.27","3.5.0.3",2025-06-23
32598,DE,Germany,"6.2.26","3.5.0.3",2025-06-23
28413,US,United States,"6.2.33","3.5.0.3",2025-06-23
32241,DE,Germany,"6.2.23","3.5.0.3",2025-06-22
32734,DE,Germany,"6.2.26","3.5.0.3",2025-06-22
32857,DE,Germany,"6.2.27","3.5.0.3",2025-06-22
29475,DE,Germany,"6.2.33","3.5.0.3",2025-06-22
32077,US,United States,"6.2.32","3.5.0.3",2025-06-22
24919,DE,Germany,"6.2.19","3.5.0.3",2025-06-21
32821,TH,Thailand,"6.2.32","3.5.0.3",2025-06-20
32574,DE,Germany,"6.2.26","3.5.0.3",2025-06-20
19147,DE,Germany,"6.2.32","3.5.0.3",2025-06-20
32916,DE,Germany,"6.2.27","3.5.0.3",2025-06-19
32000,US,United States,"6.2.23","3.5.0.3",2025-06-19
31927,US,United States,"6.2.33","3.5.0.3",2025-06-19
32898,DE,Germany,"6.2.24","3.5.0.3",2025-06-19
32708,DE,Germany,"6.2.33","3.5.0.3",2025-06-19
32914,DE,Germany,"6.2.26","3.5.0.3",2025-06-19
32133,US,United States,"6.2.26","3.5.0.3",2025-06-19
29690,DE,Germany,"6.2.26","2.5.0.3",2025-06-18
32832,DE,Germany,"6.2.23","3.3.0.4",2025-06-18
28933,US,United States,"5.4.1","3.5.0.3",2025-06-17
29910,US,United States,"6.2.26","3.5.0.3",2025-06-16
27336,DE,Germany,"6.2.24","3.5.0.3",2025-06-16
10773,DE,Germany,"6.2.27","2.5.0.3",2025-06-16
32620,DE,Germany,"6.2.23","3.3.0.4",2025-06-15
28284,DE,Germany,"6.2.26","3.5.0.3",2025-06-15
32004,US,United States,"6.2.23","3.5.0.3",2025-06-15
21054,DE,Germany,"6.2.26","3.5.0.3",2025-06-14
4814,TH,Thailand,"6.2.33","2.5.0.3",2025-06-14
32676,DE,Germany,"6.2.24","3.3.0.4",2025-06-14
32785,DE,Germany,"6.2.27","3.3.0.4",2025-06-14
31805,DE,Germany,"6.2.24","3.5.0.3",2025-06-13
28378,US,United States,"6.2.33","3.5.0.3",2025-06-12
32870,DE,Germany,"6.2.23","3.5.0.3",2025-06-12
32613,DE,Germany,"6.2.26","3.5.0.3",2025-06-11
32655,DE,Germany,"6.2.27","3.5.0.3",2025-06-11
31926,US,United States,"6.2.27","3.5.0.3",2025-06-11
28991,US,United States,"6.2.27","3.5.0.3",2025-06-10
32753,DE,Germany,"6.2.27","3.5.0.3",2025-06-10
17494,DE,Germany,"6.3.1","3.5.0.3",2025-06-10
29585,US,United States,"6.2.14","3.5.0.3",2025-06-09
8426,DE,Germany,"6.2.27","3.5.0.3",2025-06-09
28526,US,United States,"6.2.26","3.5.0.3",2025-06-09
32527,DE,Germany,"6.2.24","3.5.0.3",2025-06-09
28721,US,United States,"6.2.23","3.5.0.3",2025-06-09
32809,US,United States,"6.2.23","3.5.0.3",2025-06-09
32822,DE,Germany,"6.2.24","3.3.0.3",2025-06-08
10724,DE,Germany,"6.2.33","2.5.0.3",2025-06-07
32332,US,United States,"6.2.27","3.5.0.3",2025-06-07
32513,DE,Germany,"6.2.26","3.5.0.3",2025-06-07
32682,DE,Germany,"6.2.29","3.5.0.3",2025-06-06
32778,DE,Germany,"6.2.26","3.5.0.3",2025-06-06
31803,DE,Germany,"6.2.23","3.5.0.3",2025-06-06
32253,US,United States,"6.2.23","3.5.0.3",2025-06-05
32711,DE,Germany,"6.2.27","3.5.0.3",2025-06-05
32792,US,United States,"6.2.24","3.5.0.3",2025-06-05
22867,DE,Germany,"6.2.33","3.5.0.3",2025-06-04
32760,DE,Germany,"6.2.27","3.5.0.3",2025-06-04
32284,DE,Germany,"6.2.23","3.5.0.3",2025-06-04
27525,DE,Germany,"6.2.23","3.5.0.3",2025-06-03
32601,DE,Germany,"6.2.23","3.3.0.3",2025-06-03
24823,DE,Germany,"6.2.33","3.5.0.3",2025-06-03
28507,US,United States,"6.2.23","3.5.0.3",2025-06-03
4644,TH,Thailand,"6.2.33","2.5.0.3",2025-06-03
27143,DE,Germany,"6.2.33","3.5.0.3",2025-06-02
32701,DE,Germany,"6.2.23","3.5.0.3",2025-06-02
32263,DE,Germany,"6.2.24","3.5.0.3",2025-06-02
32732,DE,Germany,"6.2.24","3.5.0.3",2025-06-02
29477,DE,Germany,"6.2.26","3.5.0.3",2025-06-02
32514,DE,Germany,"6.2.26","3.3.0.4",2025-06-02
32544,DE,Germany,"6.2.24","3.5.0.3",2025-06-02
32624,DE,Germany,"6.2.23","3.5.0.3",2025-06-02
23570,DE,Germany,"6.3.1","2.5.0.3",2025-06-01
23684,DE,Germany,"6.2.32","2.5.0.3",2025-05-31
32594,DE,Germany,"6.2.22","3.5.0.3",2025-05-31
32602,DE,Germany,"6.2.23","3.3.0.3",2025-05-31
32611,DE,Germany,"6.2.23","3.5.0.3",2025-05-31
32579,DE,Germany,"6.2.26","3.5.0.3",2025-05-30
32053,US,United States,"6.2.29","3.5.0.3",2025-05-30
22961,DE,Germany,"6.2.22","3.5.0.3",2025-05-29
30013,DE,Germany,"6.2.29","3.5.0.3",2025-05-28
31625,TH,Thailand,"6.2.29","2.5.0.3",2025-05-27
27789,DE,Germany,"6.3.0","3.5.0.3",2025-05-27
31975,US,United States,"6.2.33","3.5.0.3",2025-05-27
14,DE,Germany,"6.3.3","3.4.0.6",2025-05-26
32280,US,United States,"6.2.24","3.5.0.3",2025-05-26
32333,US,United States,"6.2.24","3.5.0.3",2025-05-26
32398,DE,Germany,"6.2.22","3.5.0.3",2025-05-26
9078,DE,Germany,"6.2.24","3.5.0.3",2025-05-25
32205,US,United States,"6.2.20","3.5.0.3",2025-05-25
15983,TH,Thailand,"6.2.29","2.5.0.3",2025-05-24
32226,US,United States,"6.2.27","3.5.0.3",2025-05-24
27402,DE,Germany,"6.2.23","3.5.0.3",2025-05-24
32162,DE,Germany,"6.2.26","3.5.0.3",2025-05-24
32247,US,United States,"6.2.27","3.3.0.4",2025-05-23
27916,DE,Germany,"6.2.23","3.3.0.4",2025-05-23
32177,US,United States,"6.2.32","3.5.0.3",2025-05-22
32326,US,United States,"6.2.24","3.5.0.3",2025-05-22
6982,DE,Germany,"6.3.1","3.5.0.3",2025-05-22
27116,DE,Germany,"6.2.33","3.5.0.3",2025-05-22
27225,DE,Germany,"6.2.23","3.5.0.3",2025-05-22
32191,US,United States,"6.2.20","3.5.0.3",2025-05-22
32049,US,United States,"6.2.19","3.5.0.3",2025-05-21
32160,US,United States,"6.2.23","3.5.0.3",2025-05-20
31802,DE,Germany,"6.2.19","3.5.0.3",2025-05-20
32335,US,United States,"6.2.23","3.5.0.3",2025-05-19
32032,US,United States,"6.2.22","3.5.0.3",2025-05-19
6759,DE,Germany,"6.2.23","3.5.0.3",2025-05-18
29653,DE,Germany,"6.2.20","3.5.0.3",2025-05-18
32314,US,United States,"6.2.20","3.5.0.3",2025-05-18
32324,US,United States,"6.2.23","3.3.0.4",2025-05-17
23777,DE,Germany,"6.2.23","3.5.0.3",2025-05-17
27628,DE,Germany,"6.2.19","3.5.0.3",2025-05-17
32135,US,United States,"6.2.26","3.5.0.3",2025-05-17
32140,DE,Germany,"6.2.23","3.5.0.3",2025-05-17
26841,DE,Germany,"6.2.27","3.5.0.3",2025-05-17
29446,DE,Germany,"6.2.27","3.5.0.3",2025-05-16
31856,DE,Germany,"6.2.26","3.5.0.3",2025-05-16
32252,DE,Germany,"6.2.31","3.5.0.3",2025-05-15
29852,US,United States,"6.2.27","3.5.0.3",2025-05-15
32224,DE,Germany,"6.2.19","3.5.0.3",2025-05-15
23867,DE,Germany,"6.2.33","2.5.0.3",2025-05-14
29073,US,United States,"6.2.26","3.5.0.3",2025-05-14
32137,US,United States,"6.2.27","3.5.0.3",2025-05-12
32055,US,United States,"6.2.19","3.5.0.3",2025-05-12
32042,US,United States,"6.2.26","3.5.0.3",2025-05-11
32157,DE,Germany,"6.2.24","3.3.0.4",2025-05-11
32214,US,United States,"6.2.19","3.5.0.3",2025-05-11
32003,US,United States,"6.2.22","3.5.0.3",2025-05-10
32239,US,United States,"6.2.19","3.3.0.4",2025-05-10
30039,DE,Germany,"6.2.23","3.5.0.3",2025-05-08
31993,US,United States,"6.2.23","3.5.0.3",2025-05-08
32190,US,United States,"6.2.27","3.5.0.3",2025-05-08
32186,US,United States,"6.2.20","3.5.0.3",2025-05-08
29266,US,United States,"6.2.20","3.5.0.3",2025-05-08
21931,DE,Germany,"6.2.33","3.5.0.3",2025-05-07
32056,US,United States,"6.2.19","3.3.0.4",2025-05-07
31999,US,United States,"6.2.20","3.5.0.3",2025-05-07
32035,US,United States,"6.2.19","3.5.0.3",2025-05-06
26710,DE,Germany,"6.2.22","3.5.0.3",2025-05-06
27422,DE,Germany,"6.2.27","3.5.0.3",2025-05-06
32023,US,United States,"6.2.20","3.5.0.3",2025-05-06
31977,US,United States,"6.2.26","3.5.0.3",2025-05-06
31967,US,United States,"6.2.20","3.5.0.3",2025-05-06
30019,DE,Germany,"6.2.33","3.5.0.3",2025-05-06
29666,DE,Germany,"6.2.5","3.5.0.3",2025-05-05
32027,US,United States,"6.2.19","3.5.0.3",2025-05-05
31959,US,United States,"6.2.19","3.5.0.3",2025-05-04
31935,US,United States,"6.2.20","3.5.0.3",2025-05-04
28786,US,United States,"6.2.26","3.5.0.3",2025-05-03
31915,US,United States,"6.2.19","3.5.0.3",2025-05-03
31928,US,United States,"6.2.19","3.5.0.3",2025-05-03
28654,US,United States,"6.2.20","3.5.0.3",2025-05-02
28816,US,United States,"6.2.27","3.5.0.3",2025-05-02
23266,DE,Germany,"6.2.33","2.5.0.3",2025-05-02
17940,DE,Germany,"6.2.20","3.5.0.3",2025-05-01
28454,US,United States,"6.2.19","3.5.0.3",2025-05-01
28072,DE,Germany,"6.2.33","3.5.0.3",2025-05-01
29628,DE,Germany,"6.2.24","3.5.0.3",2025-04-29
28985,US,United States,"6.2.23","3.5.0.3",2025-04-28
22565,DE,Germany,"6.2.33","3.5.0.3",2025-04-28
31607,TH,Thailand,"6.2.27","2.5.0.3",2025-04-27
29384,US,United States,"6.2.27","3.5.0.3",2025-04-26
27684,DE,Germany,"6.2.27","3.5.0.3",2025-04-25
29156,US,United States,"6.2.33","3.5.0.3",2025-04-25
31875,TH,Thailand,"6.2.14","2.5.0.3",2025-04-24
9183,DE,Germany,"6.2.24","2.5.0.3",2025-04-24
28649,US,United States,"6.2.33","3.5.0.3",2025-04-23
29336,US,United States,"6.2.23","3.5.0.3",2025-04-20
29134,US,United States,"6.2.20","3.5.0.3",2025-04-20
18754,DE,Germany,"6.2.20","3.5.0.3",2025-04-19
27828,DE,Germany,"6.2.19","3.5.0.3",2025-04-18
27832,DE,Germany,"6.2.33","3.5.0.3",2025-04-18
31841,DE,Germany,"6.2.20","3.5.0.3",2025-04-18
29440,DE,Germany,"6.2.26","3.5.0.3",2025-04-17
29120,US,United States,"6.2.16","3.5.0.3",2025-04-17
31609,DE,Germany,"6.2.20","3.5.0.3",2025-04-16
26308,DE,Germany,"6.2.19","3.5.0.3",2025-04-16
7162,DE,Germany,"6.2.19","2.5.0.3",2025-04-16
29636,DE,Germany,"6.2.18","3.5.0.3",2025-04-15
24981,DE,Germany,"6.3.0","3.5.0.3",2025-04-15
17888,DE,Germany,"6.2.33","3.5.0.3",2025-04-14
28727,US,United States,"6.2.33","3.5.0.3",2025-04-14
28938,US,United States,"6.2.27","3.5.0.3",2025-04-06
28846,US,United States,"6.2.27","3.5.0.3",2025-04-06
23746,DE,Germany,"6.2.33","2.3.0.4",2025-04-05
28462,US,United States,"6.2.20","3.5.0.3",2025-04-05
23615,DE,Germany,"6.2.14","3.5.0.3",2025-04-04
31643,DE,Germany,"6.3.1","3.5.0.3",2025-04-03
30030,DE,Germany,"6.2.27","3.5.0.3",2025-04-02
25945,TH,Thailand,"6.3.1","3.5.0.3",2025-04-02
21348,DE,Germany,"6.2.19","3.5.0.3",2025-04-01
29965,US,United States,"6.2.27","3.5.0.3",2025-04-01
28113,DE,Germany,"5.4.1","3.5.0.3",2025-03-30
28655,US,United States,"6.2.32","3.5.0.3",2025-03-30
22209,TH,Thailand,"6.2.20","2.5.0.3",2025-03-29
30024,DE,Germany,"6.2.12","3.5.0.3",2025-03-28
28814,US,United States,"6.2.14","3.5.0.3",2025-03-28
27157,DE,Germany,"6.2.8","3.5.0.3",2025-03-28
3441,DE,Germany,"6.2.8","3.5.0.3",2025-03-27
28831,US,United States,"6.2.27","3.5.0.3",2025-03-27
29896,US,United States,"6.2.16","3.5.0.3",2025-03-25
31714,DE,Germany,"6.2.16","3.5.0.3",2025-03-25
26675,DE,Germany,"6.2.12","2.5.0.3",2025-03-24
29605,US,United States,"6.2.15","3.5.0.3",2025-03-24
28866,US,United States,"6.2.19","3.5.0.3",2025-03-24
30070,DE,Germany,"6.2.19","3.5.0.3",2025-03-23
16173,TH,Thailand,"6.2.19","2.5.0.3",2025-03-22
28512,US,United States,"6.2.22","3.5.0.3",2025-03-19
30029,DE,Germany,"6.2.33","3.5.0.3",2025-03-19
28663,US,United States,"6.2.27","3.5.0.3",2025-03-19
28626,US,United States,"6.2.14","3.5.0.3",2025-03-18
29201,US,United States,"6.2.23","3.5.0.3",2025-03-18
28674,US,United States,"6.2.14","3.5.0.3",2025-03-18
29029,US,United States,"6.2.14","3.5.0.3",2025-03-17
30099,TH,Thailand,"6.2.14","2.5.0.3",2025-03-17
24191,DE,Germany,"6.2.19","3.5.0.3",2025-03-17
29245,US,United States,"6.2.12","3.5.0.3",2025-03-16
28836,US,United States,"6.2.16","3.5.0.3",2025-03-16
31663,DE,Germany,"6.2.12","3.5.0.3",2025-03-16
19005,DE,Germany,"6.2.14","3.5.0.3",2025-03-15
27771,DE,Germany,"6.2.11","3.5.0.3",2025-03-15
29137,US,United States,"6.2.14","3.5.0.3",2025-03-14
29827,US,United States,"6.2.12","3.5.0.3",2025-03-14
31640,DE,Germany,"6.2.33","3.5.0.3",2025-03-12
29869,US,United States,"6.2.20","3.5.0.3",2025-03-12
28947,US,United States,"5.4.1","3.5.0.3",2025-03-12
29914,US,United States,"6.2.12","3.5.0.3",2025-03-11
29296,US,United States,"6.2.26","3.5.0.3",2025-03-10
29975,DE,Germany,"6.2.14","3.5.0.3",2025-03-10
28262,DE,Germany,"6.2.26","3.5.0.3",2025-03-10
3950,TH,Thailand,"6.2.27","2.5.0.3",2025-03-10
29133,US,United States,"6.2.24","3.5.0.3",2025-03-09
27943,DE,Germany,"6.2.27","3.5.0.3",2025-03-08
29623,DE,Germany,"6.2.20","3.5.0.3",2025-03-08
28463,US,United States,"6.2.14","3.5.0.3",2025-03-08
29184,US,United States,"6.2.20","3.5.0.3",2025-03-07
26085,TH,Thailand,"6.2.12","2.5.0.3",2025-03-07
22640,DE,Germany,"6.2.14","2.5.0.3",2025-03-06
28451,US,United States,"6.3.0","3.5.0.3",2025-03-06
28475,US,United States,"6.2.14","3.5.0.3",2025-03-05
29427,DE,Germany,"6.2.12","3.5.0.3",2025-03-03
29835,US,United States,"6.2.14","3.5.0.3",2025-03-02
28717,US,United States,"6.2.20","3.5.0.3",2025-03-02
30066,DE,Germany,"6.2.14","3.5.0.3",2025-03-01
29224,US,United States,"6.2.14","3.5.0.3",2025-03-01
28156,DE,Germany,"6.2.20","3.5.0.3",2025-02-28
29461,DE,Germany,"5.4.1","3.5.0.3",2025-02-28
28222,DE,Germany,"6.2.23","3.5.0.3",2025-02-27
27489,DE,Germany,"6.2.33","3.5.0.3",2025-02-27
17744,DE,Germany,"6.2.14","3.2.1.0",2025-02-27
27290,DE,Germany,"6.2.26","3.5.0.3",2025-02-24
23654,DE,Germany,"6.2.33","3.5.0.3",2025-02-24
29567,DE,Germany,"6.2.33","3.3.0.4",2025-02-23
26972,DE,Germany,"6.2.12","3.5.0.3",2025-02-23
28530,US,United States,"6.2.12","3.5.0.3",2025-02-23
29227,US,United States,"6.2.8","3.5.0.3",2025-02-22
27931,DE,Germany,"6.2.8","3.5.0.3",2025-02-21
29583,US,United States,"6.2.14",,2025-02-21
29888,US,United States,"6.2.6","3.5.0.3",2025-02-21
29867,US,United States,"6.2.12","3.5.0.3",2025-02-21
25898,TH,Thailand,"6.2.29","2.5.0.3",2025-02-21
26159,TH,Thailand,"6.2.12","2.5.0.3",2025-02-21
30091,DE,Germany,"6.2.27","3.5.0.3",2025-02-20
29985,DE,Germany,"6.2.8","3.5.0.3",2025-02-20
29511,DE,Germany,"6.2.20","3.5.0.3",2025-02-20
29373,US,United States,"6.2.11","3.5.0.3",2025-02-19
28506,US,United States,"6.2.11","3.5.0.3",2025-02-18
27820,DE,Germany,"6.3.1","3.5.0.3",2025-02-18
27882,DE,Germany,"6.2.27","3.5.0.3",2025-02-18
29115,US,United States,"6.2.12","3.5.0.3",2025-02-18
30152,DE,Germany,"6.2.8","3.5.0.3",2025-02-18
28658,US,United States,"6.2.12","3.5.0.3",2025-02-17
28357,US,United States,"6.2.8","3.5.0.3",2025-02-17
28497,US,United States,"6.2.12","3.5.0.3",2025-02-17
29388,DE,Germany,"6.2.20","3.5.0.3",2025-02-17
24927,DE,Germany,"6.2.26","3.5.0.3",2025-02-17
29014,US,United States,"6.2.12","3.5.0.3",2025-02-17
29836,US,United States,"6.2.14","3.5.0.3",2025-02-16
8994,DE,Germany,"6.2.20","2.5.0.3",2025-02-15
29988,DE,Germany,"6.2.12","3.5.0.3",2025-02-14
29618,DE,Germany,"6.2.8","3.5.0.3",2025-02-13
9990,DE,Germany,"6.2.33","3.5.0.3",2025-02-13
31589,DE,Germany,"6.2.27","3.5.0.3",2025-02-12
28675,US,United States,"6.2.12","3.5.0.3",2025-02-12
29863,US,United States,"6.2.8","3.5.0.3",2025-02-12
28153,DE,Germany,"6.2.8","3.5.0.3",2025-02-12
29591,US,United States,"6.2.14","3.5.0.3",2025-02-12
29202,US,United States,"6.2.12","3.5.0.3",2025-02-10
29588,US,United States,"6.2.12","3.5.0.3",2025-02-10
30075,DE,Germany,"6.2.27","3.5.0.3",2025-02-09
26427,DE,Germany,"6.2.33","3.5.0.3",2025-02-09
29640,DE,Germany,"6.2.8","2.5.0.3",2025-02-08
27150,DE,Germany,"6.2.8","3.5.0.3",2025-02-07
30053,DE,Germany,"6.2.14","3.5.0.3",2025-02-07
27863,DE,Germany,"6.2.8","3.5.0.3",2025-02-07
29534,DE,Germany,"6.2.8","3.5.0.3",2025-02-07
30051,DE,Germany,"6.2.8","3.5.0.3",2025-02-06
28963,US,United States,"6.2.12","3.5.0.3",2025-02-06
4438,TH,Thailand,"6.2.27","2.5.0.3",2025-02-05
2346,DE,Germany,"6.2.27","2.5.0.3",2025-02-05
10594,DE,Germany,"6.2.8","2.5.0.3",2025-02-04
28948,US,United States,"6.2.8","3.5.0.3",2025-02-04
29169,US,United States,"6.2.8","3.5.0.3",2025-02-04
26512,DE,Germany,"6.2.8","3.5.0.3",2025-02-03
28825,US,United States,"6.2.12","3.3.0.4",2025-02-01
29955,US,United States,"6.2.8","3.5.0.3",2025-02-01
26517,DE,Germany,"6.2.12","3.5.0.3",2025-02-01
26541,DE,Germany,"6.2.14","3.5.0.3",2025-02-01
31600,TH,Thailand,"6.2.31","2.5.0.3",2025-02-01
29039,US,United States,"6.2.12","3.5.0.3",2025-02-01
30109,DE,Germany,"6.2.24","3.5.0.3",2025-01-31
29671,DE,Germany,"6.2.8","3.5.0.3",2025-01-31
29998,DE,Germany,"6.2.33","3.5.0.3",2025-01-31
28336,DE,Germany,"6.2.8","3.5.0.3",2025-01-30
30093,TH,Thailand,"6.3.0","3.5.0.3",2025-01-30
27268,DE,Germany,"6.2.8","3.5.0.3",2025-01-30
27704,DE,Germany,"6.2.30","3.5.0.3",2025-01-29
30017,TH,Thailand,"6.2.8","2.5.0.3",2025-01-29
29997,DE,Germany,"6.2.33","3.5.0.3",2025-01-29
29974,US,United States,"6.2.23","3.5.0.3",2025-01-28
29338,US,United States,"6.2.8","3.5.0.3",2025-01-28
27014,DE,Germany,"6.2.12","2.5.0.3",2025-01-28
28822,US,United States,"6.2.12","3.5.0.3",2025-01-28
29365,US,United States,"6.2.14","3.5.0.3",2025-01-27
28316,DE,Germany,"6.2.8","3.5.0.3",2025-01-27
29956,US,United States,"6.2.14","3.5.0.3",2025-01-27
30042,DE,Germany,"6.2.8","3.5.0.3",2025-01-26
29996,DE,Germany,"6.2.8","3.5.0.3",2025-01-26
30100,TH,Thailand,"6.2.20","3.5.0.3",2025-01-26
30103,TH,Thailand,"6.2.33","2.5.0.3",2025-01-26
29607,US,United States,"6.2.8","3.5.0.3",2025-01-26
29930,US,United States,"6.2.11","3.5.0.3",2025-01-26
30107,TH,Thailand,"6.2.33","2.5.0.3",2025-01-26
25130,TH,Thailand,"6.2.27","3.5.0.3",2025-01-26
28664,US,United States,"6.2.12","3.5.0.3",2025-01-24
28943,US,United States,"6.2.8","3.5.0.3",2025-01-23
29529,DE,Germany,"6.2.27","3.5.0.3",2025-01-23
26547,DE,Germany,"6.2.8","3.5.0.3",2025-01-23
27356,DE,Germany,"6.2.8","3.5.0.3",2025-01-22
18104,DE,Germany,"6.2.13","3.5.0.3",2025-01-20
30021,DE,Germany,"6.2.11","3.3.0.4",2025-01-19
29033,US,United States,"6.2.8","3.5.0.3",2025-01-19
1054,DE,Germany,"6.3.2","2.3.0.4",2025-01-19
27767,DE,Germany,"6.2.19","3.5.0.3",2025-01-17
29987,DE,Germany,"6.2.8","3.3.0.4",2025-01-17
28903,US,United States,"6.2.13","3.5.0.3",2025-01-17
29870,US,United States,"6.2.12","3.5.0.3",2025-01-15
27753,DE,Germany,"6.2.33","3.5.0.3",2025-01-15
29629,DE,Germany,"6.2.8","2.5.0.3",2025-01-13
29435,DE,Germany,"6.2.11","3.5.0.3",2025-01-13
26293,TH,Thailand,"6.2.8","3.5.0.3",2025-01-13
8027,DE,Germany,"6.2.19","3.5.0.3",2025-01-12
29856,US,United States,"6.2.8","3.5.0.3",2025-01-12
29381,DE,Germany,"6.2.33","3.5.0.3",2025-01-12
29791,TH,Thailand,"6.2.12","3.5.0.3",2025-01-12
29957,US,United States,"6.2.8","3.5.0.3",2025-01-12
29964,US,United States,"6.2.14","3.5.0.3",2025-01-11
24722,DE,Germany,"6.2.14","3.5.0.3",2025-01-10
28082,DE,Germany,"6.2.23","3.5.0.3",2025-01-10
29091,US,United States,"6.2.8","3.5.0.3",2025-01-09
28177,TH,Thailand,"6.2.27","3.5.0.3",2025-01-09
21194,DE,Germany,"6.3.1","3.5.0.3",2025-01-08
29926,CN,China,"6.2.8","3.5.0.3",2025-01-07
26489,DE,Germany,"6.2.19","3.5.0.3",2025-01-07
27959,DE,Germany,"6.2.8","3.5.0.3",2025-01-06
23749,DE,Germany,"6.2.32","2.5.0.3",2025-01-06
24062,DE,Germany,"6.2.8","3.5.0.3",2025-01-06
29459,DE,Germany,"6.2.8","3.5.0.3",2025-01-06
23719,DE,Germany,"6.2.8","3.5.0.3",2025-01-05
28565,US,United States,"6.2.8","3.5.0.3",2025-01-05
29886,US,United States,"6.2.8","3.5.0.3",2025-01-04
27869,DE,Germany,"6.2.24","3.5.0.3",2025-01-03
23837,DE,Germany,"6.2.33","2.5.0.3",2025-01-03
28491,US,United States,"6.2.8","3.5.0.3",2025-01-03
29697,DE,Germany,"6.2.8","3.5.0.3",2025-01-03
28044,DE,Germany,"6.2.14","3.5.0.3",2025-01-03
29417,DE,Germany,"6.2.8","3.5.0.3",2025-01-02
28849,US,United States,"6.2.13","3.5.0.3",2025-01-01
2123,DE,Germany,"6.2.8","3.5.0.3",2025-01-01
29952,US,United States,"6.2.8","3.5.0.3",2024-12-31
29838,US,United States,"6.2.8","3.3.0.4",2024-12-31
29687,DE,Germany,"6.2.8","2.5.0.3",2024-12-30
27208,DE,Germany,"6.2.26","3.5.0.3",2024-12-30
28546,US,United States,"6.2.16","3.5.0.3",2024-12-29
29473,DE,Germany,"6.2.8","3.5.0.3",2024-12-29
28779,US,United States,"6.2.27","3.5.0.3",2024-12-29
21477,DE,Germany,"6.2.32","3.5.0.3",2024-12-28
29883,US,United States,"6.2.6","3.5.0.3",2024-12-27
29238,US,United States,"6.2.8","3.5.0.3",2024-12-27
28818,US,United States,"6.2.8","3.5.0.3",2024-12-23
16380,TH,Thailand,"6.2.8","2.5.0.3",2024-12-22
28918,US,United States,"6.2.8","3.5.0.3",2024-12-22
29901,US,United States,"6.2.8","3.5.0.3",2024-12-21
26893,DE,Germany,"6.2.8","3.5.0.3",2024-12-19
29933,US,United States,"6.2.8","3.5.0.3",2024-12-17
28102,DE,Germany,"6.2.8","3.5.0.3",2024-12-17
29497,DE,Germany,"6.2.8","3.5.0.3",2024-12-17
28501,US,United States,"6.2.8","3.5.0.3",2024-12-16
28580,US,United States,"6.2.8","3.5.0.3",2024-12-15
29696,DE,Germany,"6.2.8","3.5.0.3",2024-12-15
23549,TH,Thailand,"6.2.27","2.5.0.3",2024-12-15
28193,DE,Germany,"6.2.8","3.5.0.3",2024-12-13
27676,DE,Germany,"6.2.29","3.5.0.3",2024-12-13
29681,DE,Germany,"6.2.8","3.5.0.3",2024-12-12
27121,DE,Germany,"6.2.8","3.5.0.3",2024-12-11
29875,US,United States,"6.2.8","3.3.0.4",2024-12-11
29682,DE,Germany,"6.2.23","3.5.0.3",2024-12-11
21697,DE,Germany,"6.2.8","3.5.0.3",2024-12-11
29624,DE,Germany,"6.2.32","3.5.0.3",2024-12-11
28417,US,United States,"6.2.11","3.5.0.3",2024-12-10
28470,US,United States,"6.2.8","3.5.0.3",2024-12-10
29078,US,United States,"6.2.14","3.5.0.3",2024-12-09
29290,US,United States,"6.2.8","3.3.0.4",2024-12-09
29913,US,United States,"6.2.8","3.3.0.4",2024-12-08
23804,DE,Germany,"6.2.20","3.3.0.4",2024-12-08
23798,DE,Germany,"6.2.33","3.5.0.3",2024-12-08
29902,US,United States,"6.2.8","3.3.0.4",2024-12-08
29315,US,United States,"6.2.8","3.5.0.3",2024-12-08
29916,US,United States,"6.2.8","3.3.0.4",2024-12-08
23028,DE,Germany,"6.2.6","2.5.0.3",2024-12-07
27742,DE,Germany,"6.2.8","3.5.0.3",2024-12-07
29026,US,United States,"6.2.8","3.5.0.3",2024-12-03
28978,US,United States,"6.2.8","3.5.0.3",2024-12-03
28310,DE,Germany,"6.2.6","3.5.0.3",2024-12-02
29874,US,United States,"6.2.8","3.5.0.3",2024-12-01
26834,DE,Germany,"6.3.1","3.5.0.3",2024-12-01
27164,DE,Germany,"6.2.23","3.5.0.3",2024-11-30
29864,US,United States,"6.2.6","3.5.0.3",2024-11-30
26824,DE,Germany,"6.2.20","3.5.0.3",2024-11-30
28482,US,United States,"6.2.8","3.5.0.3",2024-11-29
29631,DE,Germany,"6.2.32","3.5.0.3",2024-11-28
29650,DE,Germany,"6.2.8","2.5.0.3",2024-11-27
28457,US,United States,"6.2.8","3.5.0.3",2024-11-27
29570,DE,Germany,"6.2.8","3.5.0.3",2024-11-27
29720,DE,Germany,"6.2.6","2.5.0.3",2024-11-27
29298,US,United States,"6.2.8","3.5.0.3",2024-11-26
28646,US,United States,"6.2.8","3.5.0.3",2024-11-25
26157,TH,Thailand,"6.2.6","2.3.0.4",2024-11-25
23009,DE,Germany,"6.2.6","3.5.0.3",2024-11-25
22906,DE,Germany,"6.2.6","2.5.0.3",2024-11-25
23617,DE,Germany,"6.2.20","3.5.0.3",2024-11-25
29590,US,United States,"6.2.8","3.5.0.3",2024-11-25
28834,US,United States,"6.2.8","3.5.0.3",2024-11-25
29052,US,United States,"6.2.26","3.5.0.3",2024-11-24
23764,DE,Germany,"6.2.6","2.5.0.3",2024-11-22
28796,US,United States,"6.2.8","3.5.0.3",2024-11-21
29691,DE,Germany,"6.2.20","3.5.0.3",2024-11-20
28924,US,United States,"6.2.8","3.5.0.3",2024-11-20
29471,DE,Germany,"6.1.5","3.5.0.3",2024-11-20
22561,TH,Thailand,"6.2.33","2.5.0.3",2024-11-20
28668,US,United States,"6.2.8","3.5.0.3",2024-11-19
28640,US,United States,"6.2.27","3.5.0.3",2024-11-19
29445,DE,Germany,"6.2.6","3.5.0.3",2024-11-19
29674,DE,Germany,"6.2.6","3.5.0.3",2024-11-19
29694,DE,Germany,"6.2.23","3.5.0.3",2024-11-19
27425,DE,Germany,"6.2.6","3.5.0.3",2024-11-18
27998,DE,Germany,"6.2.19","3.5.0.3",2024-11-18
24345,DE,Germany,"6.2.23","3.5.0.3",2024-11-17
28087,DE,Germany,"6.2.6","3.5.0.3",2024-11-17
27406,DE,Germany,"6.2.23","3.5.0.3",2024-11-17
29726,DE,Germany,"6.2.20","3.5.0.3",2024-11-16
29648,DE,Germany,"6.2.4","3.5.0.3",2024-11-12
28660,US,United States,"6.2.6","3.5.0.3",2024-11-12
29652,DE,Germany,"6.2.6","3.5.0.3",2024-11-12
29330,US,United States,"6.2.8","3.5.0.3",2024-11-10
21856,DE,Germany,"6.2.20","3.5.0.3",2024-11-10
29679,DE,Germany,"6.2.6","3.5.0.3",2024-11-09
23885,DE,Germany,"6.2.6","3.5.0.3",2024-11-09
21720,DE,Germany,"6.2.32","3.5.0.3",2024-11-09
29210,US,United States,"6.2.14","3.5.0.3",2024-11-08
16205,TH,Thailand,"6.2.19","3.5.0.3",2024-11-08
17189,DE,Germany,"6.2.8","3.5.0.3",2024-11-08
29219,US,United States,"6.2.8","3.5.0.3",2024-11-07
29717,DE,Germany,"6.2.6","3.5.0.3",2024-11-07
29716,DE,Germany,"6.2.6","3.5.0.3",2024-11-07
28777,US,United States,"6.2.8","3.5.0.3",2024-11-06
28440,US,United States,"6.2.6","3.5.0.3",2024-11-06
23605,DE,Germany,"6.2.8","3.5.0.3",2024-11-06
29249,US,United States,"6.2.8","3.5.0.3",2024-11-05
29627,DE,Germany,"6.2.33","3.5.0.3",2024-11-05
28376,US,United States,"6.2.6","3.5.0.3",2024-11-05
28046,DE,Germany,"6.2.16","3.5.0.3",2024-11-04
29713,US,United States,"6.2.6","3.5.0.3",2024-11-04
21486,DE,Germany,"6.2.23","3.5.0.3",2024-11-03
29067,US,United States,"6.2.6","3.5.0.3",2024-11-03
28890,US,United States,"6.2.8","3.5.0.3",2024-11-02
27867,DE,Germany,"6.2.20","3.5.0.3",2024-11-01
24747,DE,Germany,"6.2.33","3.5.0.3",2024-10-31
29086,US,United States,"6.2.11","3.5.0.3",2024-10-31
28635,US,United States,"6.2.4","3.5.0.3",2024-10-31
29064,US,United States,"6.2.33","3.5.0.3",2024-10-31
29688,DE,Germany,"6.2.20","3.5.0.3",2024-10-31
29426,DE,Germany,"6.2.6","3.3.0.4",2024-10-31
29231,US,United States,"6.2.6","3.5.0.3",2024-10-30
19135,DE,Germany,"6.2.26","3.5.0.3",2024-10-30
27908,DE,Germany,"6.2.4","3.5.0.3",2024-10-30
28941,US,United States,"6.2.6","3.5.0.3",2024-10-30
29704,US,United States,"6.2.5","3.5.0.3",2024-10-30
29705,US,United States,"6.2.5","3.5.0.3",2024-10-30
29633,DE,Germany,"6.2.4","3.5.0.3",2024-10-29
21170,DE,Germany,"6.3.1","3.5.0.3",2024-10-29
28992,US,United States,"6.2.4","3.5.0.3",2024-10-29
28702,US,United States,"6.2.6","3.5.0.3",2024-10-28
3224,DE,Germany,"6.2.33","2.5.0.3",2024-10-27
29608,US,United States,"6.2.8","3.5.0.3",2024-10-26
28650,US,United States,"6.2.12","3.5.0.3",2024-10-26
27665,DE,Germany,"6.2.6","3.5.0.3",2024-10-26
24197,TH,Thailand,"6.2.24","2.5.0.3",2024-10-25
29587,US,United States,"6.2.6","3.5.0.3",2024-10-24
23951,DE,Germany,"6.2.8","2.5.0.3",2024-10-24
4261,TH,Thailand,"6.2.27","3.5.0.3",2024-10-23
28907,US,United States,"6.2.6","3.5.0.3",2024-10-23
27715,DE,Germany,"6.2.33","3.5.0.3",2024-10-22
29314,US,United States,"6.2.4","3.5.0.3",2024-10-21
28973,US,United States,"6.2.12","3.5.0.3",2024-10-21
28692,US,United States,"6.2.4","3.5.0.3",2024-10-21
27953,DE,Germany,"6.2.32","3.5.0.3",2024-10-21
28659,US,United States,"6.2.12","3.5.0.3",2024-10-21
6202,DE,Germany,"6.2.33","3.5.0.3",2024-10-19
28975,US,United States,"6.2.6","3.5.0.3",2024-10-18
24620,TH,Thailand,"6.2.4","3.3.0.4",2024-10-18
27879,DE,Germany,"6.2.5","3.5.0.3",2024-10-18
27866,DE,Germany,"6.2.4","3.5.0.3",2024-10-18
27857,DE,Germany,"6.2.6","3.5.0.3",2024-10-17
388,DE,Germany,"6.3.2","3.3.0.4",2024-10-17
28712,US,United States,"6.2.6","3.3.0.4",2024-10-17
26788,DE,Germany,"6.2.27","3.5.0.3",2024-10-17
21567,DE,Germany,"6.2.14","3.5.0.3",2024-10-16
29015,US,United States,"6.1.5","3.5.0.3",2024-10-16
29147,US,United States,"6.2.4","3.5.0.3",2024-10-16
29586,US,United States,"6.1.7",,2024-10-16
29615,US,United States,"6.2.6","3.5.0.3",2024-10-15
29597,US,United States,"6.2.4","3.5.0.3",2024-10-15
28764,US,United States,"6.2.33","3.5.0.3",2024-10-15
29496,DE,Germany,"6.2.6","3.5.0.3",2024-10-15
17224,DE,Germany,"6.1.7","3.5.0.3",2024-10-15
27046,DE,Germany,"6.2.6","3.5.0.3",2024-10-13
29500,DE,Germany,"6.2.4","3.3.0.4",2024-10-13
28971,US,United States,"6.2.8","3.5.0.3",2024-10-13
29604,US,United States,"6.1.5","3.5.0.3",2024-10-11
29070,US,United States,"6.1.5","3.5.0.3",2024-10-10
27830,DE,Germany,"6.2.6","3.5.0.3",2024-10-08
29359,US,United States,"6.2.6","3.5.0.3",2024-10-08
29126,US,United States,"6.2.14","3.5.0.3",2024-10-08
28900,US,United States,"6.2.5","3.5.0.3",2024-10-07
29569,DE,Germany,"6.1.5","3.5.0.3",2024-10-07
17433,DE,Germany,"6.2.12","3.5.0.3",2024-10-07
27553,DE,Germany,"6.2.8","3.5.0.3",2024-10-07
29579,DE,Germany,"6.2.5","3.3.0.4",2024-10-07
28667,US,United States,"6.3.0","3.5.0.3",2024-10-05
27836,DE,Germany,"6.2.19","3.5.0.3",2024-10-04
28751,US,United States,"6.1.7","3.5.0.3",2024-10-04
27134,DE,Germany,"6.2.5","3.5.0.3",2024-10-03
27333,DE,Germany,"6.1.5","3.5.0.3",2024-10-03
28999,US,United States,"6.2.6","3.5.0.3",2024-10-02
2175,DE,Germany,"6.2.27","2.5.0.3",2024-10-01
27599,TH,Thailand,"6.3.1","2.5.0.3",2024-10-01
29217,US,United States,"6.2.6","3.3.0.4",2024-10-01
29303,US,United States,"6.2.22","3.5.0.3",2024-10-01
28433,US,United States,"6.2.6","3.5.0.3",2024-10-01
11011,TH,Thailand,"6.2.27","2.5.0.3",2024-10-01
29562,US,United States,"6.1.5","3.5.0.3",2024-09-30
29301,US,United States,"6.1.5","3.5.0.3",2024-09-29
27533,TH,Thailand,"6.2.14","2.5.0.3",2024-09-29
29175,US,United States,"6.2.29","3.5.0.3",2024-09-29
20612,TH,Thailand,"6.1.7","2.5.0.3",2024-09-29
28996,US,United States,"6.2.8","3.5.0.3",2024-09-29
28852,US,United States,"6.1.5","3.5.0.3",2024-09-28
28251,DE,Germany,"6.2.27","3.5.0.3",2024-09-27
28204,DE,Germany,"6.2.20","3.5.0.3",2024-09-27
3702,TH,Thailand,"6.2.6","2.5.0.3",2024-09-26
28600,US,United States,"6.2.26","3.5.0.3",2024-09-25
26935,DE,Germany,"6.2.20","3.5.0.3",2024-09-24
29243,US,United States,"6.2.8","3.5.0.3",2024-09-24
28270,DE,Germany,"6.2.27","3.5.0.3",2024-09-24
29313,US,United States,"6.1.7","3.5.0.3",2024-09-24
28291,DE,Germany,"6.2.23","3.5.0.3",2024-09-23
28540,US,United States,"6.1.7","3.5.0.3",2024-09-23
29261,US,United States,"6.2.20","3.5.0.3",2024-09-23
28748,US,United States,"6.1.5","3.5.0.3",2024-09-23
26919,DE,Germany,"6.2.23","3.5.0.3",2024-09-23
21174,DE,Germany,"6.2.33","3.5.0.3",2024-09-22
29407,DE,Germany,"6.2.33","3.5.0.3",2024-09-22
11406,TH,Thailand,"6.2.27","2.5.0.3",2024-09-22
28180,DE,Germany,"6.2.4","3.5.0.3",2024-09-21
28200,DE,Germany,"6.2.23","3.5.0.3",2024-09-21
27951,DE,Germany,"6.1.6","3.5.0.3",2024-09-20
28690,US,United States,"6.2.8","3.5.0.3",2024-09-20
26165,TH,Thailand,"6.2.27","3.5.0.3",2024-09-20
28904,US,United States,"6.1.6","3.5.0.3",2024-09-20
28518,US,United States,"6.1.5","3.5.0.3",2024-09-20
29537,DE,Germany,"6.1.5","3.3.0.4",2024-09-19
6072,DE,Germany,"6.1.6","3.5.0.3",2024-09-19
27154,DE,Germany,"6.2.20","3.5.0.3",2024-09-19
24205,TH,Thailand,"6.1.4","3.3.0.4",2024-09-19
29269,US,United States,"6.1.6","3.5.0.3",2024-09-18
29525,DE,Germany,"6.1.4","3.3.0.4",2024-09-18
16037,TH,Thailand,"6.2.26","2.5.0.3",2024-09-18
29187,US,United States,"6.1.6","3.5.0.3",2024-09-17
25189,TH,Thailand,"6.1.6","2.5.0.3",2024-09-16
28765,US,United States,"6.1.5","3.5.0.3",2024-09-16
29273,US,United States,"6.1.7","3.5.0.3",2024-09-16
27185,DE,Germany,"6.2.33","3.5.0.3",2024-09-15
27817,DE,Germany,"6.1.6","3.5.0.3",2024-09-15
26354,DE,Germany,"6.2.33","3.5.0.3",2024-09-15
23935,TH,Thailand,"6.2.8","2.5.0.3",2024-09-14
27688,DE,Germany,"6.2.8","3.5.0.3",2024-09-14
23625,DE,Germany,"6.2.33","3.5.0.3",2024-09-14
27078,DE,Germany,"6.1.6","3.5.0.3",2024-09-13
26705,DE,Germany,"6.1.6","3.5.0.3",2024-09-13
28206,DE,Germany,"6.1.4","3.3.0.4",2024-09-13
28693,US,United States,"6.2.14","3.5.0.3",2024-09-13
28541,US,United States,"6.1.4","3.5.0.3",2024-09-13
28203,DE,Germany,"6.2.6","3.3.0.4",2024-09-12
29433,DE,Germany,"6.2.4","3.5.0.3",2024-09-12
21404,DE,Germany,"6.1.5","3.3.0.4",2024-09-12
29215,US,United States,"6.1.5","3.5.0.3",2024-09-12
28266,DE,Germany,"6.2.6","3.5.0.3",2024-09-11
28737,US,United States,"6.2.4","3.5.0.3",2024-09-11
28453,US,United States,"6.2.6","3.5.0.3",2024-09-10
28240,DE,Germany,"6.1.6","3.5.0.3",2024-09-10
29363,US,United States,"6.1.5","3.5.0.3",2024-09-09
7707,DE,Germany,"6.1.6","2.5.0.3",2024-09-09
29331,US,United States,"6.2.8","3.5.0.3",2024-09-08
22738,DE,Germany,"6.2.33","3.5.0.3",2024-09-08
29505,DE,Germany,"6.2.8","3.5.0.3",2024-09-08
26501,DE,Germany,"6.1.6","3.3.0.4",2024-09-07
23224,TH,Thailand,"6.2.27","2.5.0.3",2024-09-07
29437,DE,Germany,"6.2.6","3.5.0.3",2024-09-07
27615,DE,Germany,"6.2.20","3.5.0.3",2024-09-07
8387,DE,Germany,"6.2.33","3.5.0.3",2024-09-07
28681,US,United States,"6.1.5","3.3.0.4",2024-09-07
29474,DE,Germany,"6.1.5","3.3.0.4",2024-09-06
3905,TH,Thailand,"6.1.5","2.5.0.3",2024-09-05
29372,US,United States,"6.1.7","3.3.0.4",2024-09-05
27978,DE,Germany,"6.2.14","3.5.0.3",2024-09-05
29221,US,United States,"6.2.8","3.5.0.3",2024-09-05
29472,US,United States,"5.4.1","3.5.0.3",2024-09-04
27915,DE,Germany,"6.2.6","3.5.0.3",2024-09-04
27365,DE,Germany,"6.2.6","3.5.0.3",2024-09-04
84,DE,Germany,"6.2.6","2.5.0.3",2024-09-04
26581,DE,Germany,"5.4.1","3.5.0.3",2024-09-03
28847,US,United States,"6.2.8","3.5.0.3",2024-09-03
27738,DE,Germany,"6.1.4","3.5.0.3",2024-09-03
26646,DE,Germany,"6.2.8","3.5.0.3",2024-09-03
29418,DE,Germany,"6.2.4","3.5.0.3",2024-09-02
29454,DE,Germany,"6.1.5","3.5.0.3",2024-09-02
29482,DE,Germany,"5.4.1","3.3.0.4",2024-09-02
29164,US,United States,"6.1.5","3.5.0.3",2024-09-02
28499,US,United States,"6.2.6","3.5.0.3",2024-09-01
27626,TH,Thailand,"6.1.5","3.3.0.4",2024-09-01
27706,DE,Germany,"6.2.8","3.5.0.3",2024-08-30
3196,DE,Germany,"6.2.8","2.5.0.3",2024-08-30
27919,DE,Germany,"6.1.6","3.5.0.3",2024-08-29
28608,US,United States,"6.2.32","3.5.0.3",2024-08-29
27826,DE,Germany,"6.2.4","3.5.0.3",2024-08-29
28930,US,United States,"6.2.8","3.5.0.3",2024-08-29
28155,DE,Germany,"6.1.5","3.5.0.3",2024-08-28
29410,DE,Germany,"6.1.6","3.5.0.3",2024-08-28
26911,TH,Thailand,"6.2.14","2.5.0.3",2024-08-28
29218,US,United States,"6.2.4","3.3.0.4",2024-08-28
7875,DE,Germany,"6.3.3","3.3.0.4",2024-08-28
29420,DE,Germany,"5.4.1","3.5.0.3",2024-08-27
29424,DE,Germany,"6.2.4","3.5.0.3",2024-08-27
28758,US,United States,"6.2.6","3.5.0.3",2024-08-27
28188,DE,Germany,"6.1.5","3.5.0.3",2024-08-26
28351,US,United States,"6.1.6","3.5.0.3",2024-08-26
27065,TH,Thailand,"6.2.13","3.5.0.3",2024-08-25
29395,US,United States,"5.4.1","3.5.0.3",2024-08-25
28741,US,United States,"5.4.1","3.5.0.3",2024-08-24
29160,US,United States,"6.1.4","3.5.0.3",2024-08-24
28182,DE,Germany,"6.2.8","3.5.0.3",2024-08-24
27430,DE,Germany,"6.2.8","3.5.0.3",2024-08-23
28171,DE,Germany,"5.4.1","3.5.0.3",2024-08-23
29335,US,United States,"6.1.6","3.5.0.3",2024-08-23
8596,DE,Germany,"6.2.14","2.5.0.3",2024-08-23
26678,DE,Germany,"6.1.7","3.5.0.3",2024-08-23
29030,US,United States,"5.4.1","3.5.0.3",2024-08-22
27158,DE,Germany,"6.2.8","3.5.0.3",2024-08-22
22741,DE,Germany,"6.2.6","3.5.0.3",2024-08-22
27804,DE,Germany,"6.1.5","3.5.0.3",2024-08-22
27491,DE,Germany,"6.2.14","3.5.0.3",2024-08-22
27945,DE,Germany,"6.3.0","3.5.0.3",2024-08-21
28944,US,United States,"6.2.4","3.5.0.3",2024-08-21
29047,US,United States,"5.4.1","3.5.0.3",2024-08-21
28290,DE,Germany,"6.2.32","3.5.0.3",2024-08-21
24883,DE,Germany,"6.1.5","3.5.0.3",2024-08-21
28067,DE,Germany,"6.2.8","3.5.0.3",2024-08-21
29085,US,United States,"6.2.8","3.3.0.4",2024-08-21
27917,DE,Germany,"6.1.5","3.5.0.3",2024-08-21
29083,US,United States,"6.1.7","3.5.0.3",2024-08-21
29235,US,United States,"5.4.1","3.5.0.3",2024-08-21
29103,US,United States,"6.2.4","3.3.0.4",2024-08-20
27991,DE,Germany,"6.2.27","3.5.0.3",2024-08-20
29159,US,United States,"6.1.5","3.5.0.3",2024-08-20
7901,DE,Germany,"6.2.27","2.5.0.3",2024-08-20
29129,US,United States,"6.2.5","3.5.0.3",2024-08-20
28303,DE,Germany,"6.2.6","3.5.0.3",2024-08-20
28233,DE,Germany,"6.3.0","3.5.0.3",2024-08-20
27889,DE,Germany,"6.2.6","3.3.0.4",2024-08-20
27671,DE,Germany,"5.4.1","3.5.0.3",2024-08-19
29323,US,United States,"6.1.5","3.3.0.4",2024-08-19
28560,US,United States,"5.4.1","3.5.0.3",2024-08-19
27768,DE,Germany,"6.2.14","3.5.0.3",2024-08-19
7602,DE,Germany,"6.1.5","2.5.0.3",2024-08-18
3154,DE,Germany,"6.2.30","3.5.0.3",2024-08-18
28196,DE,Germany,"6.2.8","3.5.0.3",2024-08-18
27205,DE,Germany,"6.2.12","3.5.0.3",2024-08-17
28055,DE,Germany,"5.4.1","3.5.0.3",2024-08-17
28809,US,United States,"6.1.7","3.5.0.3",2024-08-17
28972,US,United States,"6.2.8","3.5.0.3",2024-08-17
27880,DE,Germany,"5.4.1","3.5.0.3",2024-08-17
29378,US,United States,"6.2.4","3.5.0.3",2024-08-17
17212,DE,Germany,"6.2.33","3.5.0.3",2024-08-16
29260,US,United States,"6.1.5","3.5.0.3",2024-08-16
6087,DE,Germany,"6.2.14","2.5.0.3",2024-08-16
26458,DE,Germany,"5.4.1","3.5.0.3",2024-08-16
29346,US,United States,"6.1.6","3.5.0.3",2024-08-16
27542,DE,Germany,"6.2.6","3.5.0.3",2024-08-16
27216,DE,Germany,"6.2.6","3.5.0.3",2024-08-16
26840,DE,Germany,"6.1.5","3.5.0.3",2024-08-15
28868,US,United States,"6.2.33","3.5.0.3",2024-08-15
28780,US,United States,"6.2.6","3.5.0.3",2024-08-15
29291,US,United States,"6.1.5","3.5.0.3",2024-08-15
9874,DE,Germany,"6.2.6","2.5.0.3",2024-08-15
25886,DE,Germany,"6.2.14","3.5.0.3",2024-08-14
29367,US,United States,"5.4.1","3.3.0.4",2024-08-14
26771,DE,Germany,"6.2.8","3.5.0.3",2024-08-14
28299,DE,Germany,"6.2.23","3.5.0.3",2024-08-14
28800,US,United States,"6.1.5","3.5.0.3",2024-08-14
28521,US,United States,"6.1.5","3.5.0.3",2024-08-13
8358,DE,Germany,"5.4.1","3.5.0.3",2024-08-13
28384,US,United States,"6.1.5","3.5.0.3",2024-08-13
28870,US,United States,"6.2.4","3.5.0.3",2024-08-13
29154,US,United States,"6.2.6","3.5.0.3",2024-08-13
27774,DE,Germany,"6.1.6","3.5.0.3",2024-08-12
29253,US,United States,"6.1.5","3.5.0.3",2024-08-11
28889,US,United States,"6.1.5","3.5.0.3",2024-08-11
28781,US,United States,"6.2.8","3.5.0.3",2024-08-10
28207,DE,Germany,"5.4.1","3.5.0.3",2024-08-10
28921,US,United States,"6.2.8","3.5.0.3",2024-08-10
27930,DE,Germany,"6.1.6","3.5.0.3",2024-08-10
28960,US,United States,"5.4.1","3.3.0.4",2024-08-09
28363,US,United States,"5.4.1","3.5.0.3",2024-08-09
29050,US,United States,"5.4.1","3.5.0.3",2024-08-09
29112,US,United States,"6.2.23","3.5.0.3",2024-08-09
29124,US,United States,"6.2.6","3.5.0.3",2024-08-09
23251,TH,Thailand,"6.2.14","2.5.0.3",2024-08-09
28806,US,United States,"6.1.5","3.5.0.3",2024-08-08
23966,DE,Germany,"6.1.5","3.3.0.4",2024-08-08
10254,DE,Germany,"6.1.5","2.5.0.3",2024-08-08
26957,DE,Germany,"5.4.0","3.5.0.3",2024-08-08
29343,US,United States,"6.1.5","3.5.0.3",2024-08-08
28651,US,United States,"6.1.5","3.5.0.3",2024-08-07
27572,DE,Germany,"6.1.6","3.3.0.4",2024-08-07
27167,DE,Germany,"6.1.5","3.5.0.3",2024-08-06
28860,US,United States,"6.1.7","3.5.0.3",2024-08-06
28854,US,United States,"6.2.22","3.5.0.3",2024-08-06
29311,US,United States,"5.4.1","3.5.0.3",2024-08-06
28952,US,United States,"6.2.4","3.5.0.3",2024-08-06
28090,DE,Germany,"6.2.6","3.3.0.4",2024-08-06
10192,DE,Germany,"6.1.5","2.5.0.3",2024-08-05
29131,US,United States,"5.4.1","3.3.0.4",2024-08-05
28611,US,United States,"6.2.4","3.3.0.4",2024-08-05
28514,US,United States,"5.4.1","3.5.0.3",2024-08-05
29044,US,United States,"6.2.8","3.5.0.3",2024-08-04
26688,DE,Germany,"6.1.4","2.3.0.4",2024-08-04
28037,DE,Germany,"6.2.6","3.5.0.3",2024-08-04
29283,TH,Thailand,"6.2.30","2.5.0.3",2024-08-03
26550,DE,Germany,"5.4.1","3.5.0.3",2024-08-03
28641,US,United States,"6.1.5","3.5.0.3",2024-08-03
28435,US,United States,"6.1.7","3.5.0.3",2024-08-03
6682,DE,Germany,"6.2.24","2.5.0.3",2024-08-02
29132,US,United States,"6.2.6","3.5.0.3",2024-08-02
26484,DE,Germany,"6.2.26","3.5.0.3",2024-08-02
28705,US,United States,"5.4.1","3.3.0.4",2024-08-02
28517,US,United States,"6.1.5","3.5.0.3",2024-08-02
27147,US,United States,"6.1.6","3.5.0.3",2024-08-01
27038,DE,Germany,"6.1.5","3.5.0.3",2024-08-01
27791,DE,Germany,"5.4.1","3.5.0.3",2024-08-01
28416,US,United States,"6.1.5","3.5.0.3",2024-07-31
26629,DE,Germany,"5.4.1","3.3.0.4",2024-07-31
28882,US,United States,"6.1.5","3.3.0.4",2024-07-31
27417,DE,Germany,"6.2.33","3.5.0.3",2024-07-30
29267,US,United States,"5.4.1","3.3.0.4",2024-07-30
28025,DE,Germany,"5.4.1","3.5.0.3",2024-07-30
26594,DE,Germany,"5.4.1","2.5.0.3",2024-07-30
24501,TH,Thailand,"6.1.5","3.3.0.4",2024-07-29
28835,US,United States,"6.1.5","3.5.0.3",2024-07-29
23936,TH,Thailand,"5.4.2","2.3.0.4",2024-07-29
29258,US,United States,"6.1.5","3.5.0.3",2024-07-29
28244,DE,Germany,"5.4.1","3.3.0.4",2024-07-29
28711,US,United States,"6.1.5","3.5.0.3",2024-07-28
29038,US,United States,"6.2.8","3.5.0.3",2024-07-28
28776,US,United States,"5.4.1","3.3.0.4",2024-07-27
29209,US,United States,"6.1.5","3.3.0.4",2024-07-26
28467,US,United States,"5.4.1","3.3.0.4",2024-07-26
29213,US,United States,"6.1.5","3.3.0.4",2024-07-26
29196,US,United States,"6.1.5","3.5.0.3",2024-07-26
28458,US,United States,"6.1.5","3.5.0.3",2024-07-25
28419,US,United States,"5.4.1","3.5.0.3",2024-07-25
29177,US,United States,"6.1.5","3.5.0.3",2024-07-25
28787,US,United States,"5.4.1","3.5.0.3",2024-07-25
27992,DE,Germany,"5.4.1","3.3.0.4",2024-07-25
28380,US,United States,"5.4.1","3.5.0.3",2024-07-25
28589,US,United States,"6.2.26","3.5.0.3",2024-07-25
29054,US,United States,"6.1.5","3.5.0.3",2024-07-25
21213,DE,Germany,"6.1.5","3.5.0.3",2024-07-25
21759,DE,Germany,"5.4.0","3.5.0.3",2024-07-25
26463,DE,Germany,"5.4.1","3.3.0.4",2024-07-23
29168,US,United States,"6.2.26","3.5.0.3",2024-07-23
27683,DE,Germany,"5.4.1","3.5.0.3",2024-07-23
28637,US,United States,"6.2.8","3.5.0.3",2024-07-23
2850,DE,Germany,"5.4.1","2.5.0.3",2024-07-22
27726,DE,Germany,"5.4.1","3.5.0.3",2024-07-22
18934,DE,Germany,"6.2.4","3.5.0.3",2024-07-22
28877,US,United States,"5.4.1","3.3.0.4",2024-07-22
28239,DE,Germany,"6.2.4","3.3.0.4",2024-07-22
28792,US,United States,"6.1.5","3.3.0.4",2024-07-22
28385,US,United States,"6.1.5","3.3.0.4",2024-07-21
28716,US,United States,"6.1.5","3.3.0.4",2024-07-21
28511,US,United States,"6.1.5","3.3.0.4",2024-07-21
28867,US,United States,"6.1.5","3.3.0.4",2024-07-20
28493,US,United States,"6.1.6","3.5.0.3",2024-07-20
18416,DE,Germany,"6.1.5","3.5.0.3",2024-07-20
28879,US,United States,"5.4.1","3.5.0.3",2024-07-20
29024,US,United States,"6.1.5","3.5.0.3",2024-07-19
28437,US,United States,"6.1.5","3.5.0.3",2024-07-19
26466,DE,Germany,"5.4.1","3.3.0.4",2024-07-19
25517,TH,Thailand,"6.1.5","3.3.0.4",2024-07-19
28450,US,United States,"6.1.5","3.5.0.3",2024-07-19
26732,DE,Germany,"6.1.6","3.5.0.3",2024-07-19
27320,DE,Germany,"6.2.6","3.5.0.3",2024-07-18
7871,DE,Germany,"6.2.27","2.5.0.3",2024-07-18
17777,DE,Germany,"6.2.27","3.5.0.3",2024-07-17
28970,US,United States,"5.4.1","3.5.0.3",2024-07-17
28927,US,United States,"6.1.5","3.5.0.3",2024-07-17
28337,DE,Germany,"5.4.1","3.5.0.3",2024-07-17
24021,DE,Germany,"6.1.5","3.5.0.3",2024-07-17
24484,TH,Thailand,"6.1.5","3.3.0.4",2024-07-16
24569,TH,Thailand,"5.4.1","3.3.0.4",2024-07-16
26431,DE,Germany,"5.4.1","3.3.0.4",2024-07-16
28851,US,United States,"5.4.1","3.5.0.3",2024-07-16
24476,TH,Thailand,"5.4.1","3.3.0.4",2024-07-16
28789,US,United States,"6.1.5","3.5.0.3",2024-07-16
28807,US,United States,"5.4.1","3.3.0.4",2024-07-16
26121,TH,Thailand,"5.4.1","3.3.0.4",2024-07-16
28723,US,United States,"6.1.5","3.5.0.3",2024-07-16
24509,TH,Thailand,"5.4.1","3.3.0.4",2024-07-16
28898,US,United States,"5.4.1","3.3.0.4",2024-07-16
24535,TH,Thailand,"5.4.1","3.3.0.4",2024-07-16
28722,US,United States,"6.1.6","3.5.0.3",2024-07-16
28386,US,United States,"6.1.5","3.5.0.3",2024-07-15
28708,US,United States,"5.4.1","3.3.0.4",2024-07-15
28645,US,United States,"6.1.5","3.3.0.4",2024-07-15
28548,US,United States,"5.4.1","3.3.0.4",2024-07-14
27569,TH,Thailand,"6.1.5","3.3.0.4",2024-07-14
28564,US,United States,"5.4.1","3.3.0.4",2024-07-14
27159,DE,Germany,"6.1.6","3.5.0.3",2024-07-14
28498,US,United States,"5.4.1","3.3.0.4",2024-07-14
28529,US,United States,"5.4.1","3.3.0.4",2024-07-13
28189,DE,Germany,"6.1.5","3.3.0.4",2024-07-13
28550,US,United States,"6.1.5","3.5.0.3",2024-07-13
28539,US,United States,"5.4.1","3.3.0.4",2024-07-13
28406,US,United States,"6.2.8","3.5.0.3",2024-07-13
26470,DE,Germany,"5.4.1","3.3.0.4",2024-07-13
28027,DE,Germany,"6.2.6","3.5.0.3",2024-07-13
27388,DE,Germany,"5.4.1","3.3.0.4",2024-07-12
28354,US,United States,"6.1.5","3.3.0.4",2024-07-12
26589,DE,Germany,"5.4.1","3.5.0.3",2024-07-12
27728,DE,Germany,"5.4.1","3.3.0.4",2024-07-12
28013,DE,Germany,"5.4.1","3.3.0.4",2024-07-12
28265,DE,Germany,"6.2.14","3.5.0.3",2024-07-12
27954,DE,Germany,"6.2.19","3.5.0.3",2024-07-11
28217,DE,Germany,"6.1.5","3.5.0.3",2024-07-10
27803,DE,Germany,"6.1.5","3.5.0.3",2024-07-09
8698,DE,Germany,"6.3.0","2.5.0.3",2024-07-09
27984,DE,Germany,"6.2.8","3.5.0.3",2024-07-09
9370,DE,Germany,"6.2.15","2.5.0.3",2024-07-08
28086,DE,Germany,"5.4.2","3.5.0.3",2024-07-08
4458,DE,Germany,"5.4.2","2.5.0.3",2024-07-07
27507,DE,Germany,"5.4.1","3.5.0.3",2024-07-06
27106,DE,Germany,"6.2.8","3.5.0.3",2024-07-05
28170,DE,Germany,"6.1.4","3.5.0.3",2024-07-05
27462,DE,Germany,"5.4.1","3.5.0.3",2024-07-04
28332,US,United States,"5.4.1","3.5.0.3",2024-07-04
28132,DE,Germany,"6.2.32","3.5.0.3",2024-07-03
22711,DE,Germany,"6.2.32","3.5.0.3",2024-07-03
9047,DE,Germany,"6.2.33","3.5.0.3",2024-07-03
16334,TH,Thailand,"5.4.1","2.3.0.4",2024-07-02
27975,DE,Germany,"5.4.1","3.3.0.4",2024-07-02
26534,DE,Germany,"6.2.8","3.3.0.4",2024-07-02
27554,DE,Germany,"6.2.6","3.5.0.3",2024-07-01
26469,DE,Germany,"5.4.1","3.5.0.3",2024-07-01
27000,DE,Germany,"6.1.4","3.5.0.3",2024-07-01
26667,DE,Germany,"6.1.5","3.3.0.4",2024-07-01
28051,DE,Germany,"5.4.1","3.3.0.4",2024-07-01
2694,DE,Germany,"6.3.1","3.5.0.3",2024-06-30
21061,DE,Germany,"6.2.27","3.5.0.3",2024-06-29
2418,DE,Germany,"6.2.16","2.5.0.3",2024-06-28
27447,DE,Germany,"6.1.5","3.3.0.4",2024-06-28
28008,DE,Germany,"5.4.1","3.3.0.4",2024-06-28
28216,DE,Germany,"5.4.1","3.3.0.4",2024-06-27
24586,TH,Thailand,"5.4.1","2.3.0.4",2024-06-26
25002,TH,Thailand,"6.1.5","3.3.0.4",2024-06-26
27777,DE,Germany,"5.4.2","3.3.0.4",2024-06-26
27127,DE,Germany,"6.1.5","3.3.0.4",2024-06-26
24654,DE,Germany,"6.2.33","3.5.0.3",2024-06-25
8891,DE,Germany,"6.2.32","2.5.0.3",2024-06-24
27759,DE,Germany,"6.2.33","3.5.0.3",2024-06-23
26425,DE,Germany,"6.2.12","3.3.0.4",2024-06-23
21817,DE,Germany,"6.2.5","3.3.0.4",2024-06-23
28173,DE,Germany,"5.4.1","3.5.0.3",2024-06-23
28069,DE,Germany,"6.1.5","3.3.0.4",2024-06-22
2599,DE,Germany,"6.1.4","3.3.0.4",2024-06-21
26994,DE,Germany,"5.4.0","3.3.0.4",2024-06-21
26928,DE,Germany,"5.4.2","3.5.0.3",2024-06-20
28234,DE,Germany,"5.4.1","3.5.0.3",2024-06-20
27729,DE,Germany,"5.4.1","3.3.0.4",2024-06-19
28313,DE,Germany,"5.4.1","3.3.0.4",2024-06-19
24250,DE,Germany,"6.2.33","3.5.0.3",2024-06-18
27619,TH,Thailand,"5.4.1","2.3.0.4",2024-06-18
27534,DE,Germany,"5.4.2","3.3.0.4",2024-06-18
28311,DE,Germany,"5.4.1","3.3.0.4",2024-06-18
26612,DE,Germany,"6.2.33","3.5.0.3",2024-06-18
27936,DE,Germany,"5.4.2","3.3.0.4",2024-06-18
26569,DE,Germany,"6.1.5","3.3.0.4",2024-06-18
25005,TH,Thailand,"5.4.1","3.3.0.4",2024-06-17
27490,DE,Germany,"6.2.8","3.3.0.4",2024-06-17
24439,TH,Thailand,"6.1.5","3.3.0.4",2024-06-17
28017,DE,Germany,"5.4.1","3.3.0.4",2024-06-16
27637,DE,Germany,"6.2.32","3.5.0.3",2024-06-16
8252,DE,Germany,"6.2.8","3.3.0.4",2024-06-15
28080,DE,Germany,"5.4.1","3.3.0.4",2024-06-15
28109,DE,Germany,"6.1.5","3.3.0.4",2024-06-15
26910,DE,Germany,"5.4.1","3.3.0.4",2024-06-15
26993,DE,Germany,"6.1.5","3.3.0.4",2024-06-14
27279,DE,Germany,"6.3.1","3.3.0.4",2024-06-14
28006,DE,Germany,"5.4.1","3.3.0.4",2024-06-14
28211,DE,Germany,"5.4.1","3.3.0.4",2024-06-14
26520,DE,Germany,"5.4.1","3.3.0.4",2024-06-13
27239,DE,Germany,"5.4.1","3.3.0.4",2024-06-13
22703,DE,Germany,"5.4.1","3.3.0.4",2024-06-12
27160,DE,Germany,"5.4.2","3.3.0.4",2024-06-11
27059,DE,Germany,"6.2.33","3.5.0.3",2024-06-10
27128,DE,Germany,"5.4.0","3.3.0.4",2024-06-10
28010,DE,Germany,"6.1.6","3.5.0.3",2024-06-10
27859,DE,Germany,"5.4.1","3.3.0.4",2024-06-10
24748,DE,Germany,"6.2.19","3.3.0.4",2024-06-10
25460,TH,Thailand,"6.1.4","3.3.0.4",2024-06-10
28280,DE,Germany,"6.2.12","3.3.0.4",2024-06-10
17648,DE,Germany,"5.4.1","3.3.0.4",2024-06-09
28268,DE,Germany,"6.1.4","3.3.0.4",2024-06-08
24776,DE,Germany,"6.3.2","3.3.0.4",2024-06-07
28202,DE,Germany,"6.1.5","3.5.0.3",2024-06-07
27253,DE,Germany,"5.4.2","3.3.0.4",2024-06-06
27277,DE,Germany,"5.4.1","3.3.0.4",2024-06-06
27750,DE,Germany,"5.4.1","3.3.0.4",2024-06-06
27624,DE,Germany,"5.4.1","3.3.0.4",2024-06-05
18320,DE,Germany,"5.4.2","3.3.0.4",2024-06-05
27416,DE,Germany,"5.4.1","3.3.0.4",2024-06-05
26084,TH,Thailand,"5.4.1","2.3.0.4",2024-06-04
27682,DE,Germany,"5.4.1","3.3.0.4",2024-06-04
27719,DE,Germany,"5.4.1","3.3.0.4",2024-06-04
28269,DE,Germany,"5.4.1","3.3.0.4",2024-06-03
24433,TH,Thailand,"6.2.33","3.5.0.3",2024-06-02
27687,DE,Germany,"5.4.0","3.3.0.4",2024-06-02
27962,DE,Germany,"5.4.1","3.3.0.4",2024-06-01
27910,DE,Germany,"6.1.7","3.3.0.4",2024-06-01
27903,DE,Germany,"6.2.32","3.5.0.3",2024-05-31
25755,US,United States,"5.4.1","3.3.0.4",2024-05-30
2604,DE,Germany,"6.2.23","3.5.0.3",2024-05-30
27890,DE,Germany,"5.4.2","3.3.0.4",2024-05-30
21444,DE,Germany,"5.4.1","3.3.0.4",2024-05-30
20971,DE,Germany,"6.2.33","3.5.0.3",2024-05-30
20635,TH,Thailand,"5.4.1","3.3.0.4",2024-05-29
27969,DE,Germany,"5.4.0","3.3.0.4",2024-05-29
28228,DE,Germany,"6.1.5","3.3.0.4",2024-05-29
28194,DE,Germany,"5.4.0","3.3.0.4",2024-05-29
27812,DE,Germany,"6.1.4","3.3.0.4",2024-05-29
26586,DE,Germany,"5.4.0","3.3.0.4",2024-05-28
26651,DE,Germany,"5.4.1","3.3.0.4",2024-05-27
24157,DE,Germany,"6.1.5","3.5.0.3",2024-05-27
26730,TH,Thailand,"5.4.1","2.3.0.4",2024-05-27
27723,DE,Germany,"5.4.1","3.3.0.4",2024-05-27
28179,DE,Germany,"5.4.1","2.3.0.4",2024-05-27
26437,DE,Germany,"5.4.1","3.3.0.4",2024-05-27
27103,DE,Germany,"5.4.0","3.3.0.4",2024-05-27
27700,DE,Germany,"5.4.1","3.3.0.4",2024-05-26
9224,DE,Germany,"5.4.1","2.5.0.3",2024-05-26
26907,DE,Germany,"5.4.2","3.3.0.4",2024-05-26
27056,DE,Germany,"6.1.4","3.3.0.4",2024-05-25
26098,TH,Thailand,"6.2.4","2.3.0.4",2024-05-25
25516,TH,Thailand,"5.4.2","3.3.0.4",2024-05-25
27874,DE,Germany,"5.4.1","3.3.0.4",2024-05-25
4120,TH,Thailand,"6.2.12","2.5.0.3",2024-05-24
28187,DE,Germany,"5.4.1","3.3.0.4",2024-05-24
24835,DE,Germany,"5.4.0","3.3.0.4",2024-05-24
16320,TH,Thailand,"6.2.27","2.5.0.3",2024-05-24
27199,DE,Germany,"6.2.12","3.3.0.4",2024-05-24
28174,DE,Germany,"5.4.0","2.3.0.4",2024-05-22
26750,DE,Germany,"5.4.2","2.3.0.4",2024-05-21
24305,TH,Thailand,"5.4.0","3.3.0.4",2024-05-20
28168,DE,Germany,"5.4.1","3.3.0.4",2024-05-19
26722,DE,Germany,"5.4.1","3.3.0.4",2024-05-19
27971,DE,Germany,"5.4.1","3.3.0.4",2024-05-18
26739,DE,Germany,"5.4.2","3.3.0.4",2024-05-18
26800,DE,Germany,"6.2.8","3.3.0.4",2024-05-17
26413,DE,Germany,"5.4.2","3.3.0.4",2024-05-16
27877,DE,Germany,"5.4.1","3.3.0.4",2024-05-15
26639,DE,Germany,"5.4.1","3.3.0.4",2024-05-15
28116,DE,Germany,"6.1.1","2.3.0.4",2024-05-14
26716,DE,Germany,"5.4.1","3.3.0.4",2024-05-14
27201,DE,Germany,"5.4.1","3.3.0.4",2024-05-14
27900,DE,Germany,"5.4.2","3.3.0.4",2024-05-14
26553,DE,Germany,"5.4.0","3.3.0.4",2024-05-14
26832,DE,Germany,"5.4.0","3.3.0.4",2024-05-14
27670,DE,Germany,"5.4.1","3.3.0.4",2024-05-13
27914,DE,Germany,"5.4.0","3.3.0.4",2024-05-13
21126,DE,Germany,"6.2.20","3.5.0.3",2024-05-13
27273,DE,Germany,"5.4.1","3.3.0.4",2024-05-13
26599,DE,Germany,"5.4.1","3.3.0.4",2024-05-13
27795,DE,Germany,"5.4.1","3.3.0.4",2024-05-13
24623,TH,Thailand,"5.4.2","3.3.0.4",2024-05-12
27091,DE,Germany,"5.4.1","3.3.0.4",2024-05-12
28152,DE,Germany,"6.1.5","3.3.0.4",2024-05-11
26838,DE,Germany,"5.4.0","2.3.0.4",2024-05-11
26743,DE,Germany,"5.4.0","2.3.0.4",2024-05-10
27657,DE,Germany,"5.4.1","3.3.0.4",2024-05-10
27685,DE,Germany,"6.2.27","3.3.0.4",2024-05-10
28160,DE,Germany,"6.2.6","3.3.0.4",2024-05-09
27191,DE,Germany,"6.1.7","3.3.0.4",2024-05-09
26704,DE,Germany,"5.4.0","3.3.0.4",2024-05-09
10239,DE,Germany,"5.4.1","3.3.0.4",2024-05-08
24042,DE,Germany,"6.2.16","2.3.0.4",2024-05-08
26436,DE,Germany,"5.4.1","3.3.0.4",2024-05-07
26617,DE,Germany,"5.4.0","3.3.0.4",2024-05-07
26814,DE,Germany,"6.2.18","3.5.0.3",2024-05-07
27731,DE,Germany,"5.4.1","3.3.0.4",2024-05-07
26699,DE,Germany,"5.4.0","3.3.0.4",2024-05-07
28023,DE,Germany,"5.4.0","3.3.0.4",2024-05-06
27423,DE,Germany,"5.4.2","3.3.0.4",2024-05-06
26635,DE,Germany,"5.4.0","2.3.0.4",2024-05-06
7192,DE,Germany,"6.2.8","2.3.0.4",2024-05-06
25496,TH,Thailand,"6.2.8","3.5.0.3",2024-05-05
28042,DE,Germany,"5.4.0","3.3.0.4",2024-05-04
27469,DE,Germany,"5.4.1","3.3.0.4",2024-05-04
28068,DE,Germany,"5.4.0","3.3.0.4",2024-05-03
27921,DE,Germany,"6.2.16","3.3.0.4",2024-05-03
26835,DE,Germany,"5.4.0","3.3.0.4",2024-05-03
23667,DE,Germany,"5.4.2","3.3.0.4",2024-05-03
27844,DE,Germany,"5.4.0","3.3.0.4",2024-05-03
28137,US,United States,"5.4.0","2.3.0.4",2024-05-02
26549,DE,Germany,"5.4.0","3.3.0.4",2024-05-02
27435,DE,Germany,"6.2.33","3.5.0.3",2024-05-02
26698,DE,Germany,"5.4.2","2.3.0.4",2024-05-01
27067,DE,Germany,"6.1.5","3.3.0.4",2024-05-01
27756,DE,Germany,"5.4.1","3.3.0.4",2024-04-29
27170,DE,Germany,"6.2.8","3.3.0.4",2024-04-29
26944,DE,Germany,"5.4.1","3.3.0.4",2024-04-29
24817,DE,Germany,"6.2.23","3.3.0.4",2024-04-28
28133,DE,Germany,"5.4.0","3.3.0.4",2024-04-27
27470,DE,Germany,"5.4.2","3.3.0.4",2024-04-27
6536,DE,Germany,"6.2.33","2.5.0.3",2024-04-27
26982,DE,Germany,"5.4.1","3.3.0.4",2024-04-27
27994,DE,Germany,"5.4.0","3.3.0.4",2024-04-27
9860,DE,Germany,"5.4.2","2.3.0.4",2024-04-26
26683,DE,Germany,"5.4.0","3.3.0.4",2024-04-25
6551,DE,Germany,"6.2.8","3.5.0.3",2024-04-25
27089,DE,Germany,"5.4.1","3.3.0.4",2024-04-24
22638,DE,Germany,"5.4.1","2.3.0.4",2024-04-24
28036,DE,Germany,"5.4.2","3.3.0.4",2024-04-24
27410,DE,Germany,"6.2.33","3.5.0.3",2024-04-22
20984,DE,Germany,"6.1.4","3.5.0.3",2024-04-22
27694,DE,Germany,"5.4.1","3.3.0.4",2024-04-20
26779,DE,Germany,"5.4.1","3.3.0.4",2024-04-20
21687,DE,Germany,"6.2.27","3.3.0.4",2024-04-20
27109,DE,Germany,"6.2.33","3.3.0.4",2024-04-20
27613,DE,Germany,"5.4.1","3.3.0.4",2024-04-19
28019,DE,Germany,"5.4.0","3.3.0.4",2024-04-18
28029,DE,Germany,"5.4.1","3.5.0.3",2024-04-17
27933,DE,Germany,"5.4.0","3.3.0.4",2024-04-17
26446,DE,Germany,"5.4.1","3.3.0.4",2024-04-15
27695,DE,Germany,"6.2.33","3.5.0.3",2024-04-15
27897,DE,Germany,"5.4.1","3.5.0.3",2024-04-15
26622,DE,Germany,"5.4.1","3.3.0.4",2024-04-15
26565,DE,Germany,"5.4.0","3.3.0.4",2024-04-14
28052,DE,Germany,"5.4.0","3.3.0.4",2024-04-14
22786,DE,Germany,"6.2.23","3.5.0.3",2024-04-13
25765,DE,Germany,"6.2.14","2.5.0.3",2024-04-12
26714,DE,Germany,"5.4.1","3.3.0.4",2024-04-11
27949,DE,Germany,"5.4.2","3.3.0.4",2024-04-10
28035,DE,Germany,"6.1.4","3.3.0.4",2024-04-10
26528,DE,Germany,"5.4.0","3.3.0.4",2024-04-10
3274,DE,Germany,"6.1.5","3.3.0.4",2024-04-08
27703,DE,Germany,"6.1.5","3.3.0.4",2024-04-08
22995,DE,Germany,"6.2.20","3.5.0.3",2024-04-05
26820,DE,Germany,"5.4.0","3.3.0.4",2024-04-04
26696,DE,Germany,"6.1.5","3.3.0.4",2024-04-03
7357,DE,Germany,"6.2.12","3.3.0.4",2024-04-03
26924,TH,Thailand,"6.2.12","2.5.0.3",2024-04-03
26913,DE,Germany,"6.2.8","3.3.0.4",2024-04-03
24408,TH,Thailand,"6.1.5","3.3.0.4",2024-04-02
27027,DE,Germany,"6.2.6","3.3.0.4",2024-04-02
25749,TH,Thailand,"6.2.33","3.5.0.3",2024-04-01
27737,DE,Germany,"6.2.32","3.5.0.3",2024-03-30
26601,DE,Germany,"5.4.1","3.3.0.4",2024-03-29
26500,DE,Germany,"5.4.1","3.3.0.4",2024-03-29
27020,DE,Germany,"5.4.0","3.3.0.4",2024-03-29
28079,DE,Germany,"6.3.0","3.5.0.3",2024-03-28
26811,DE,Germany,"5.4.0","3.3.0.4",2024-03-27
26707,DE,Germany,"6.2.8","3.3.0.4",2024-03-27
26499,DE,Germany,"5.4.0","3.3.0.4",2024-03-26
26991,DE,Germany,"6.2.33","3.3.0.4",2024-03-25
2509,DE,Germany,"6.2.4","3.3.0.4",2024-03-25
27258,DE,Germany,"6.2.27","3.5.0.3",2024-03-23
21236,DE,Germany,"6.1.5","3.3.0.4",2024-03-23
27612,DE,Germany,"6.2.4","3.3.0.4",2024-03-22
26959,DE,Germany,"6.1.5","3.3.0.4",2024-03-22
27976,DE,Germany,"5.4.1","3.3.0.4",2024-03-21
26775,DE,Germany,"5.4.0","3.3.0.4",2024-03-21
23200,TH,Thailand,"5.4.2","2.3.0.4",2024-03-20
25936,DE,Germany,"6.2.32","3.3.0.4",2024-03-20
28040,DE,Germany,"6.2.29","3.5.0.3",2024-03-20
26632,DE,Germany,"5.4.0","3.3.0.4",2024-03-20
26491,DE,Germany,"5.4.1","3.3.0.4",2024-03-20
26554,DE,Germany,"5.4.1","3.3.0.4",2024-03-19
26987,DE,Germany,"5.4.1","3.3.0.4",2024-03-19
27821,DE,Germany,"6.2.8","3.3.0.4",2024-03-18
26479,DE,Germany,"6.2.8","3.3.0.4",2024-03-18
8843,DE,Germany,"6.1.5","3.5.0.3",2024-03-17
16228,TH,Thailand,"5.4.0","2.3.0.4",2024-03-16
28032,DE,Germany,"5.4.1","3.3.0.4",2024-03-16
27807,DE,Germany,"6.3.1","3.5.0.3",2024-03-16
27999,DE,Germany,"6.2.5","3.3.0.4",2024-03-16
24788,DE,Germany,"6.2.6","3.3.0.4",2024-03-16
27383,DE,Germany,"6.1.7","3.3.0.4",2024-03-15
1161,DE,Germany,"6.1.5","2.5.0.3",2024-03-14
27597,DE,Germany,"5.4.1","3.3.0.4",2024-03-14
27727,US,United States,"6.1.4","3.3.0.4",2024-03-14
26361,TH,Thailand,"6.2.33","2.5.0.3",2024-03-12
27960,DE,Germany,"6.1.7","3.5.0.3",2024-03-10
8607,DE,Germany,"6.2.29","2.5.0.3",2024-03-10
27989,DE,Germany,"5.4.0","3.3.0.4",2024-03-09
27496,DE,Germany,"6.2.33","3.5.0.3",2024-03-08
26104,TH,Thailand,"6.1.5","2.3.0.4",2024-03-08
10102,DE,Germany,"6.1.7","2.5.0.3",2024-03-08
27663,DE,Germany,"6.2.27","3.5.0.3",2024-03-08
27136,DE,Germany,"5.4.0","3.3.0.4",2024-03-04
27122,DE,Germany,"5.4.0","3.3.0.4",2024-03-03
7725,DE,Germany,"6.1.5","2.3.0.4",2024-03-03
27641,DE,Germany,"5.4.0","3.3.0.4",2024-03-02
27135,DE,Germany,"6.2.8","3.3.0.4",2024-03-02
27702,DE,Germany,"5.4.1","3.3.0.4",2024-03-02
27881,DE,Germany,"6.2.27","3.5.0.3",2024-03-01
16510,TH,Thailand,"5.4.1","2.3.0.4",2024-02-29
26997,DE,Germany,"6.3.1","3.5.0.3",2024-02-29
26749,DE,Germany,"5.4.2","3.3.0.4",2024-02-29
21297,DE,Germany,"6.1.5","3.5.0.3",2024-02-29
27285,DE,Germany,"6.2.6","2.3.0.4",2024-02-27
27296,DE,Germany,"6.1.5","3.3.0.4",2024-02-26
18545,DE,Germany,"6.3.2","3.0.0.0",2024-02-26
26619,DE,Germany,"6.2.26","3.5.0.3",2024-02-26
27412,DE,Germany,"6.2.12","3.3.0.4",2024-02-22
26109,TH,Thailand,"5.4.1","3.3.0.4",2024-02-22
27111,DE,Germany,"6.2.33","3.5.0.3",2024-02-22
26900,DE,Germany,"6.2.11","2.3.0.4",2024-02-21
27286,DE,Germany,"6.1.5","3.3.0.4",2024-02-21
23860,DE,Germany,"5.4.1","2.3.0.4",2024-02-19
89,DE,Germany,"6.2.33","2.5.0.3",2024-02-19
26731,DE,Germany,"5.4.1","3.3.0.4",2024-02-18
24551,TH,Thailand,"6.1.5","3.3.0.4",2024-02-17
26936,DE,Germany,"6.2.30","3.5.0.3",2024-02-16
26656,DE,Germany,"6.2.33","3.5.0.3",2024-02-16
19563,DE,Germany,"6.2.14","3.3.0.4",2024-02-16
24450,TH,Thailand,"5.4.2","3.3.0.4",2024-02-13
27408,DE,Germany,"5.4.1","3.3.0.4",2024-02-12
26866,DE,Germany,"6.3.1","3.5.0.3",2024-02-10
10414,DE,Germany,"6.2.33","3.5.0.3",2024-02-10
23632,DE,Germany,"6.2.19","2.5.0.3",2024-02-10
26849,DE,Germany,"5.4.1","3.3.0.4",2024-02-08
17294,DE,Germany,"6.2.26","3.5.0.3",2024-02-08
24711,DE,Germany,"6.2.26","3.5.0.3",2024-02-08
27220,DE,Germany,"5.4.1","3.3.0.4",2024-02-07
27409,DE,Germany,"5.4.1","3.3.0.4",2024-02-06
2024,DE,Germany,"6.2.12","2.5.0.3",2024-02-06
24660,DE,Germany,"5.4.1","3.5.0.3",2024-02-06
22667,DE,Germany,"6.2.8","3.3.0.4",2024-02-05
27451,DE,Germany,"6.2.33","3.5.0.3",2024-02-05
24908,DE,Germany,"6.2.20","3.3.0.4",2024-02-03
27506,TH,Thailand,"6.1.5","3.3.0.4",2024-02-01
26486,DE,Germany,"5.4.1","3.3.0.4",2024-02-01
4242,TH,Thailand,"5.4.1","3.3.0.4",2024-01-30
27072,DE,Germany,"6.2.4","3.5.0.3",2024-01-29
26078,DE,Germany,"6.2.6","3.3.0.4",2024-01-28
20891,TH,Thailand,"5.4.2","3.3.0.4",2024-01-28
26518,DE,Germany,"6.2.8","3.5.0.3",2024-01-27
27300,DE,Germany,"6.1.5","3.5.0.3",2024-01-27
21286,DE,Germany,"6.2.27","3.5.0.3",2024-01-26
27229,DE,Germany,"5.4.0","3.3.0.4",2024-01-25
27249,DE,Germany,"6.1.7","3.3.0.4",2024-01-24
27088,DE,Germany,"5.4.1","3.3.0.4",2024-01-24
27117,DE,Germany,"5.4.0","3.3.0.4",2024-01-24
22177,TH,Thailand,"6.2.27","2.5.0.3",2024-01-23
9937,DE,Germany,"6.1.6","2.5.0.3",2024-01-22
27112,DE,Germany,"6.2.8","3.5.0.3",2024-01-22
27437,DE,Germany,"6.2.8","3.5.0.3",2024-01-22
26912,DE,Germany,"5.4.1","3.3.0.4",2024-01-22
22686,DE,Germany,"5.4.2","3.3.0.4",2024-01-21
27118,DE,Germany,"6.2.5","3.5.0.3",2024-01-21
27350,DE,Germany,"6.1.5","3.5.0.3",2024-01-20
26967,DE,Germany,"6.2.33","3.3.0.4",2024-01-20
24671,TH,Thailand,"6.2.33","3.5.0.3",2024-01-17
26945,DE,Germany,"5.4.1","3.3.0.4",2024-01-15
26766,DE,Germany,"6.1.6","3.5.0.3",2024-01-14
17151,DE,Germany,"6.2.26","3.5.0.3",2024-01-13
7064,DE,Germany,"6.2.29","2.5.0.3",2024-01-08
26921,TH,Thailand,"6.2.29","2.5.0.3",2024-01-07
16105,TH,Thailand,"6.3.2","2.3.0.4",2024-01-07
22525,TH,Thailand,"5.4.1","2.3.0.4",2024-01-04
4046,TH,Thailand,"6.2.29","3.5.0.3",2024-01-04
22266,TH,Thailand,"6.1.5","3.3.0.4",2024-01-03
26582,DE,Germany,"6.1.5","3.5.0.3",2024-01-01
26462,DE,Germany,"5.4.2","3.3.0.4",2024-01-01
26903,DE,Germany,"6.2.5","3.5.0.3",2023-12-29
26626,DE,Germany,"6.2.33","3.5.0.3",2023-12-28
22509,TH,Thailand,"6.2.14","3.5.0.3",2023-12-22
26923,TH,Thailand,"6.1.4","2.3.0.4",2023-12-21
16021,TH,Thailand,"5.4.1","2.3.0.4",2023-12-21
26846,DE,Germany,"6.2.6","3.3.0.4",2023-12-20
22752,DE,Germany,"6.2.24","3.3.0.4",2023-12-20
11475,TH,Thailand,"6.1.5","2.3.0.4",2023-12-19
25703,DE,Germany,"5.4.1","3.3.0.4",2023-12-14
25548,DE,Germany,"6.2.3","2.3.0.4",2023-12-14
26583,DE,Germany,"5.4.1","3.3.0.4",2023-12-14
24163,DE,Germany,"5.4.1","3.3.0.4",2023-12-03
21520,DE,Germany,"5.4.1","3.3.0.4",2023-12-01
24879,DE,Germany,"6.1.5","3.3.0.4",2023-11-28
17837,DE,Germany,"6.3.1","3.5.0.3",2023-11-25
26131,TH,Thailand,"6.2.8","2.5.0.3",2023-11-16
24940,DE,Germany,"6.2.6","2.3.0.4",2023-11-15
23678,DE,Germany,"6.3.2","2.3.0.4",2023-11-11
26143,TH,Thailand,"6.2.8","2.3.0.4",2023-11-10
21090,DE,Germany,"6.2.33","3.3.0.4",2023-11-05
25707,DE,Germany,"6.2.33","3.3.0.4",2023-11-05
23775,DE,Germany,"6.2.6","3.5.0.3",2023-11-03
15637,DE,Germany,"5.4.2","3.5.0.3",2023-10-29
23651,DE,Germany,"5.4.1","2.3.0.4",2023-10-29
21469,DE,Germany,"6.2.33","3.5.0.3",2023-10-28
25103,DE,Germany,"6.2.27","3.3.0.4",2023-10-21
21912,DE,Germany,"6.3.2","3.3.0.4",2023-10-20
9673,DE,Germany,"6.2.33","2.5.0.3",2023-10-20
24169,DE,Germany,"6.1.4","2.3.0.4",2023-10-19
22188,TH,Thailand,"6.2.14","2.5.0.3",2023-10-16
9516,DE,Germany,"6.1.5","2.3.0.4",2023-10-15
24057,DE,Germany,"5.4.1","3.3.0.4",2023-10-13
23751,DE,Germany,"6.2.5","2.5.0.3",2023-10-10
26042,TH,Thailand,"6.2.29","2.5.0.3",2023-10-10
26151,TH,Thailand,"5.4.1","2.3.0.4",2023-10-09
2279,DE,Germany,"6.1.5","3.3.0.4",2023-10-06
22357,TH,Thailand,"6.2.4","2.3.0.4",2023-10-05
26075,DE,Germany,"6.2.6","3.3.0.4",2023-10-04
8155,DE,Germany,"6.2.27","2.5.0.3",2023-09-29
24538,TH,Thailand,"6.2.33","3.5.0.3",2023-09-21
1345,DE,Germany,"6.2.8","2.3.0.4",2023-09-20
3193,DE,Germany,"6.2.8","2.3.0.4",2023-09-14
24737,DE,Germany,"5.4.1","3.3.0.4",2023-09-09
17931,DE,Germany,"5.4.2","3.3.0.4",2023-09-08
24847,DE,Germany,"6.2.29","2.3.0.4",2023-09-08
18124,DE,Germany,"6.1.5","3.3.0.4",2023-09-06
26063,DE,Germany,"6.2.6","3.5.0.3",2023-09-06
1327,DE,Germany,"6.2.3","3.3.0.4",2023-09-05
8464,DE,Germany,"6.2.33","2.5.0.3",2023-08-31
23220,TH,Thailand,"5.4.1","3.3.0.4",2023-08-27
25934,US,United States,"6.2.19","3.5.0.3",2023-08-25
26031,TH,Thailand,"5.4.0","3.3.0.4",2023-08-21
26033,TH,Thailand,"6.2.27","2.5.0.3",2023-08-19
24156,TH,Thailand,"6.2.19","2.3.0.4",2023-08-17
442,DE,Germany,"6.2.6","3.3.0.4",2023-08-16
26028,DE,Germany,"6.1.5","3.3.0.4",2023-08-16
24841,DE,Germany,"6.1.5","3.3.0.4",2023-08-15
21394,DE,Germany,"6.2.8","3.3.0.4",2023-08-12
17589,DE,Germany,"6.2.33","3.5.0.3",2023-08-12
26017,TH,Thailand,"5.4.2","2.3.0.4",2023-08-11
25975,TH,Thailand,"6.2.8","2.3.0.4",2023-08-06
22905,DE,Germany,"6.2.33","3.5.0.3",2023-08-04
22969,DE,Germany,"5.4.0","3.3.0.4",2023-08-01
3355,DE,Germany,"5.4.1","2.3.0.4",2023-08-01
16290,TH,Thailand,"6.2.8","2.5.0.3",2023-07-31
21889,DE,Germany,"6.2.6","3.5.0.3",2023-07-29
17348,DE,Germany,"6.2.8","3.5.0.3",2023-07-29
6338,DE,Germany,"6.2.33","2.5.0.3",2023-07-29
21400,DE,Germany,"6.2.12","3.5.0.3",2023-07-28
3009,DE,Germany,"6.2.4","3.5.0.3",2023-07-27
24098,DE,Germany,"5.4.1","3.3.0.4",2023-07-26
3592,DE,Germany,"6.1.7","2.5.0.3",2023-07-25
25911,DE,Germany,"5.4.1","3.3.0.4",2023-07-24
21111,DE,Germany,"6.2.19","3.3.0.4",2023-07-22
23607,DE,Germany,"6.2.23","3.5.0.3",2023-07-21
21154,DE,Germany,"6.2.32","3.5.0.3",2023-07-20
24819,DE,Germany,"6.2.33","2.5.0.3",2023-07-17
24979,DE,Germany,"5.4.2","3.3.0.4",2023-07-12
25650,DE,Germany,"6.2.8","3.3.0.4",2023-07-06
21573,DE,Germany,"6.2.33","3.5.0.3",2023-07-06
21494,DE,Germany,"6.2.33","3.3.0.4",2023-07-04
20546,TH,Thailand,"6.2.8","2.5.0.3",2023-07-03
6266,DE,Germany,"6.2.12","2.3.0.4",2023-06-29
25529,DE,Germany,"5.4.0","3.3.0.4",2023-06-28
21376,DE,Germany,"6.2.33","3.3.0.4",2023-06-25
16272,TH,Thailand,"6.2.33","3.5.0.3",2023-06-21
24862,DE,Germany,"6.2.33","3.5.0.3",2023-06-20
16018,TH,Thailand,"6.1.5","2.5.0.3",2023-06-11
7471,DE,Germany,"6.2.32","2.3.0.4",2023-06-10
17114,DE,Germany,"6.2.33","2.5.0.3",2023-06-09
25523,DE,Germany,"5.4.2","3.3.0.4",2023-06-08
24055,DE,Germany,"6.2.12","2.3.0.4",2023-06-06
21699,DE,Germany,"6.2.5","3.3.0.4",2023-06-05
6445,DE,Germany,"6.1.5","3.5.0.3",2023-06-05
24111,DE,Germany,"5.4.1","3.3.0.4",2023-05-31
3947,TH,Thailand,"6.2.27","2.5.0.3",2023-05-29
25635,DE,Germany,"6.1.6","3.3.0.4",2023-05-21
21018,DE,Germany,"6.1.5","3.3.0.4",2023-05-21
22354,DE,Germany,"6.1.5","3.3.0.4",2023-05-21
25283,DE,Germany,"6.2.6","3.5.0.3",2023-05-21
25284,DE,Germany,"6.2.12","3.3.0.4",2023-05-21
16904,DE,Germany,"6.2.6","3.5.0.3",2023-05-21
16900,DE,Germany,"5.4.0","3.3.0.4",2023-05-21
16896,DE,Germany,"6.2.6","3.5.0.3",2023-05-21
16895,DE,Germany,"6.1.5","3.3.0.4",2023-05-21
16886,DE,Germany,"6.2.8","3.3.0.4",2023-05-21
16872,DE,Germany,"6.2.6","3.5.0.3",2023-05-21
16826,DE,Germany,"6.2.6","3.5.0.3",2023-05-21
16689,DE,Germany,"6.2.29","3.3.0.4",2023-05-21
25380,DE,Germany,"6.3.2","3.3.0.4",2023-05-21
25384,DE,Germany,"6.2.23","3.3.0.4",2023-05-21
25387,DE,Germany,"6.2.29","3.5.0.3",2023-05-21
25396,DE,Germany,"6.2.6","3.3.0.4",2023-05-21
25709,DE,Germany,"6.2.8","3.5.0.3",2023-05-21
25706,DE,Germany,"6.2.33","2.3.0.4",2023-05-21
25698,DE,Germany,"6.2.33","3.5.0.3",2023-05-21
25695,DE,Germany,"5.4.1","3.3.0.4",2023-05-21
25693,DE,Germany,"6.2.8","3.5.0.3",2023-05-21
25688,DE,Germany,"6.2.24","3.5.0.3",2023-05-21
25538,DE,Germany,"6.2.8","3.3.0.4",2023-05-21
25544,DE,Germany,"5.4.1","3.3.0.4",2023-05-21
25662,DE,Germany,"6.2.29","3.3.0.4",2023-05-21
25659,DE,Germany,"6.2.11","3.3.0.4",2023-05-21
25549,DE,Germany,"6.2.6","3.5.0.3",2023-05-21
25554,DE,Germany,"6.2.27","3.3.0.4",2023-05-21
25563,DE,Germany,"6.2.33","3.5.0.3",2023-05-21
25658,DE,Germany,"6.2.6","3.5.0.3",2023-05-21
25571,DE,Germany,"6.2.12","3.3.0.4",2023-05-21
25578,DE,Germany,"6.1.5","3.3.0.4",2023-05-21
25584,DE,Germany,"5.4.1","3.5.0.3",2023-05-21
25592,DE,Germany,"5.4.1","3.3.0.4",2023-05-21
25593,DE,Germany,"6.2.6","3.5.0.3",2023-05-21
25648,DE,Germany,"6.2.12","3.3.0.4",2023-05-21
25599,DE,Germany,"6.2.23","3.3.0.4",2023-05-21
25601,DE,Germany,"6.2.6","3.5.0.3",2023-05-21
25605,DE,Germany,"6.2.27","3.5.0.3",2023-05-21
23347,DE,Germany,"6.2.14","3.3.0.4",2023-05-21
25607,DE,Germany,"6.2.6","3.5.0.3",2023-05-21
25619,DE,Germany,"6.2.6","3.5.0.3",2023-05-21
25626,DE,Germany,"6.2.8","3.5.0.3",2023-05-21
25634,DE,Germany,"5.4.1","3.3.0.4",2023-05-21
25638,DE,Germany,"6.2.27","3.3.0.4",2023-05-21
16911,DE,Germany,"6.2.32","3.5.0.3",2023-05-19
25576,DE,Germany,"6.3.2","3.3.0.4",2023-05-17
23807,DE,Germany,"6.1.7","2.3.0.4",2023-05-17
3578,TH,Thailand,"6.2.32","3.5.0.3",2023-05-16
25734,TH,Thailand,"6.2.27","2.5.0.3",2023-05-16
25647,DE,Germany,"6.2.6","3.5.0.3",2023-05-15
25570,DE,Germany,"5.4.1","3.3.0.4",2023-05-15
25694,DE,Germany,"6.2.12","3.3.0.4",2023-05-14
23998,DE,Germany,"5.4.0","3.3.0.4",2023-05-14
25639,DE,Germany,"6.2.8","3.3.0.4",2023-05-13
7753,DE,Germany,"6.2.6","2.3.0.4",2023-05-12
24755,DE,Germany,"6.2.33","2.5.0.3",2023-05-12
20758,DE,Germany,"6.2.6","3.3.0.4",2023-05-11
21726,DE,Germany,"6.2.33","3.5.0.3",2023-05-10
23038,DE,Germany,"6.2.27","3.3.0.4",2023-05-09
23747,DE,Germany,"6.2.6","3.3.0.4",2023-05-09
2773,DE,Germany,"6.1.7","3.3.0.4",2023-05-08
23640,DE,Germany,"6.2.4","3.3.0.4",2023-05-08
17236,DE,Germany,"5.4.0","3.3.0.4",2023-05-04
21623,DE,Germany,"6.1.5","3.3.0.4",2023-05-03
23575,DE,Germany,"5.4.1","3.3.0.4",2023-05-03
25642,DE,Germany,"5.4.1","3.5.0.3",2023-04-29
24239,TH,Thailand,"6.2.33","2.5.0.3",2023-04-25
25580,DE,Germany,"6.2.6","3.3.0.4",2023-04-21
19850,TH,Thailand,"6.2.27","2.5.0.3",2023-04-17
23039,DE,Germany,"6.2.5","3.3.0.4",2023-04-12
11438,TH,Thailand,"6.2.33","2.5.0.3",2023-04-01
23995,DE,Germany,"5.4.1","3.5.0.3",2023-03-29
24447,TH,Thailand,"6.2.8","3.5.0.3",2023-03-26
8352,DE,Germany,"5.4.0","3.3.0.4",2023-03-24
24143,DE,Germany,"5.4.1","3.5.0.3",2023-03-23
23949,DE,Germany,"5.4.1","3.5.0.3",2023-03-22
4763,TH,Thailand,"6.1.7","2.3.0.4",2023-03-15
11048,DE,Germany,"6.2.33","3.5.0.3",2023-03-13
24206,TH,Thailand,"6.2.33","3.5.0.3",2023-03-13
23985,DE,Germany,"5.4.1","3.5.0.3",2023-03-09
23983,DE,Germany,"5.4.1","3.3.0.4",2023-02-28
25458,TH,Thailand,"6.2.8","3.5.0.3",2023-02-27
21714,DE,Germany,"6.2.6","3.5.0.3",2023-02-22
24706,DE,Germany,"5.4.1","3.3.0.4",2023-02-20
21437,DE,Germany,"6.3.0","3.5.0.3",2023-02-18
22918,DE,Germany,"6.3.1","3.5.0.3",2023-02-14
9804,DE,Germany,"5.4.1","2.3.0.4",2023-02-12
6206,DE,Germany,"6.2.33","2.5.0.3",2023-02-11
25394,TH,Thailand,"6.2.6","2.5.0.3",2023-02-05
25078,TH,Thailand,"5.4.2","3.3.0.4",2023-02-01
23198,DE,Germany,"5.4.0","2.3.0.4",2023-01-20
24240,TH,Thailand,"6.3.1","3.5.0.3",2023-01-19
11265,TH,Thailand,"6.1.5","2.5.0.3",2023-01-10
24808,DE,Germany,"5.4.0","3.3.0.4",2023-01-10
9932,DE,Germany,"5.4.1","2.3.0.4",2023-01-07
7389,DE,Germany,"6.2.20","2.5.0.3",2023-01-03
22850,DE,Germany,"6.2.12","3.5.0.3",2022-12-13
21241,DE,Germany,"6.2.20","3.5.0.3",2022-12-07
24989,DE,Germany,"6.2.33","3.5.0.3",2022-12-06
24798,DE,Germany,"6.2.33","3.5.0.3",2022-11-23
24172,TH,Thailand,"6.2.20","2.5.0.3",2022-11-16
21188,DE,Germany,"5.4.1","3.5.0.3",2022-11-09
20751,TH,Thailand,"6.3.1","2.5.0.3",2022-11-05
21954,DE,Germany,"6.2.20","3.3.0.4",2022-10-25
10426,DE,Germany,"6.1.6","3.3.0.4",2022-10-18
24661,DE,Germany,"6.2.30","3.5.0.3",2022-09-28
17023,DE,Germany,"5.4.1","3.5.0.3",2022-09-22
4185,TH,Thailand,"6.2.33","2.5.0.3",2022-09-21
22993,DE,Germany,"6.2.4","3.3.0.4",2022-09-18
24024,DE,Germany,"6.2.29","3.5.0.3",2022-09-12
24642,ZA,South Africa,"6.2.4","3.5.0.3",2022-09-12
10380,DE,Germany,"6.3.3","2.3.0.4",2022-09-02
24493,TH,Thailand,"6.1.5","3.3.0.4",2022-09-01
766,CH,Switzerland,"6.3.3","3.3.0.4",2022-08-16
21868,TH,Thailand,"6.1.7","2.5.0.3",2022-08-16
22706,DE,Germany,"6.2.12","3.3.0.4",2022-08-15
15792,TH,Thailand,"5.4.2","2.3.0.4",2022-08-12
20782,TH,Thailand,"6.2.33","2.5.0.3",2022-08-09
10566,DE,Germany,"6.2.31","2.5.0.3",2022-07-24
11419,TH,Thailand,"6.2.33","2.5.0.3",2022-07-23
22659,DE,Germany,"6.2.33","3.5.0.3",2022-06-07
21985,DE,Germany,"6.2.26","3.5.0.3",2022-06-05
23318,DE,Germany,"6.2.6","3.5.0.3",2022-06-05
23323,DE,Germany,"6.1.7","3.3.0.4",2022-06-05
22303,DE,Germany,"6.2.27","3.3.0.4",2022-06-05
23415,DE,Germany,"6.2.6","3.5.0.3",2022-06-04
23367,DE,Germany,"6.2.6","3.3.0.4",2022-06-03
23862,TH,Thailand,"6.1.6","2.5.0.3",2022-05-30
17350,DE,Germany,"6.2.19","3.5.0.3",2022-05-20
7894,DE,Germany,"5.4.0","3.3.0.4",2022-04-26
23461,DE,Germany,"5.4.1","3.3.0.4",2022-04-22
8922,DE,Germany,"6.3.2","2.3.0.4",2022-03-16
3973,TH,Thailand,"6.2.33","2.5.0.3",2022-02-20
17746,DE,Germany,"6.1.5","3.3.0.4",2022-01-22
22983,DE,Germany,"6.3.2","3.3.0.4",2022-01-15
23040,DE,Germany,"6.2.27","2.5.0.3",2021-12-18
21024,DE,Germany,"6.2.27","3.5.0.3",2021-12-16
21870,DE,Germany,"6.2.32","3.5.0.3",2021-12-14
22880,DE,Germany,"6.2.27","3.5.0.3",2021-12-06
8710,DE,Germany,"6.1.5","2.3.0.4",2021-12-04
10901,DE,Germany,"6.2.33","3.5.0.3",2021-11-28
7863,DE,Germany,"6.2.14","2.3.0.4",2021-11-10
16748,DE,Germany,"6.1.5","3.5.0.3",2021-11-02
21847,DE,Germany,"6.2.33","3.5.0.3",2021-10-06
21996,DE,Germany,"6.2.33","3.3.0.4",2021-09-25
22164,TH,Thailand,"6.1.6","2.5.0.3",2021-09-19
21461,DE,Germany,"5.4.1","3.3.0.4",2021-08-22
20643,TH,Thailand,"6.2.12","2.5.0.3",2021-08-14
4463,TH,Thailand,"6.2.27","2.5.0.3",2021-08-14
4456,TH,Thailand,"6.2.31","2.5.0.3",2021-07-28
21493,DE,Germany,"6.3.2","3.3.0.4",2021-07-16
11075,TH,Thailand,"6.2.31","2.5.0.3",2021-07-15
7791,DE,Germany,"6.3.2","2.3.0.4",2021-03-19
4464,TH,Thailand,"6.2.27","2.5.0.3",2021-03-10
18125,DE,Germany,"5.4.2","3.3.0.4",2021-03-09
15907,TH,Thailand,"6.3.1","2.5.0.3",2021-02-06
16395,TH,Thailand,"6.2.12","2.5.0.3",2021-02-04
15750,TH,Thailand,"6.2.31","2.5.0.3",2020-12-29
4779,TH,Thailand,"6.2.20","2.5.0.3",2020-12-26
17707,DE,Germany,"6.3.2","3.3.0.4",2020-12-21
16019,TH,Thailand,"6.2.33","2.5.0.3",2020-12-01
4307,TH,Thailand,"6.2.31","2.5.0.3",2020-10-24
